data,hora,open,high,low,close,change_value,change_percent,range_value,range_percent,volume_usdt,candle_color,symbol
2025-01-01,11:15:00,93336.39,93476.11,93336.39,93410.82,74.43000000000757,0.0797438169614312,139.72000000000116,0.1496950974855586,21,green,BTCUSDT
2025-01-01,11:10:00,93362.64,93390.57,93306.0,93336.39,-26.25,-0.028116171522142047,84.57000000000698,0.09058227145248568,17,red,BTCUSDT
2025-01-01,11:05:00,93215.57,93362.65,93192.44,93362.64,147.06999999999243,0.15777407143462452,170.20999999999185,0.18259825048539835,29,green,BTCUSDT
2025-01-01,11:00:00,93334.83,93365.69,93200.0,93215.57,-119.25999999999476,-0.12777652244075954,165.69000000000233,0.17752215330547272,30,red,BTCUSDT
2025-01-01,10:55:00,93334.07,93357.58,93288.09,93334.83,0.7599999999947613,0.0008142792872900123,69.49000000000524,0.07445298378181218,14,green,BTCUSDT
2025-01-01,10:50:00,93362.0,93362.0,93306.16,93334.07,-27.929999999993015,-0.029915811572152496,55.83999999999651,0.059810201152499416,15,red,BTCUSDT
2025-01-01,10:45:00,93398.61,93429.45,93344.83,93362.0,-36.61000000000058,-0.039197585488692586,84.61999999999534,0.09060092007792765,17,red,BTCUSDT
2025-01-01,10:40:00,93377.35,93429.99,93279.91,93398.61,21.25999999999476,0.02276783395544504,150.08000000000175,0.16072420131862997,20,green,BTCUSDT
2025-01-01,10:35:00,93395.0,93424.41,93359.33,93377.35,-17.64999999999418,-0.01889822795652249,65.08000000000175,0.0696825311847548,15,red,BTCUSDT
2025-01-01,10:30:00,93402.03,93511.04,93386.32,93395.0,-7.029999999998836,-0.007526603008520089,124.71999999998661,0.13353028836737982,20,red,BTCUSDT
2025-01-01,10:25:00,93503.75,93518.08,93394.72,93402.03,-101.72000000000116,-0.10878708073205745,123.36000000000058,0.13193053754528625,17,red,BTCUSDT
2025-01-01,10:20:00,93522.85,93541.0,93481.0,93503.75,-19.10000000000582,-0.020422816456091553,60.0,0.06415544436466596,19,red,BTCUSDT
2025-01-01,10:15:00,93384.98,93522.85,93379.59,93522.85,137.8700000000099,0.14763616161829227,143.2600000000093,0.1534079677481425,26,green,BTCUSDT
2025-01-01,10:10:00,93435.99,93447.97,93355.2,93384.98,-51.01000000000931,-0.05459352440104644,92.77000000000407,0.09928722326375958,24,red,BTCUSDT
2025-01-01,10:05:00,93491.91,93533.47,93427.2,93435.99,-55.919999999998254,-0.05981266186560768,106.27000000000407,0.1136675889924637,29,red,BTCUSDT
2025-01-01,10:00:00,93417.14,93538.36,93352.72,93491.91,74.77000000000407,0.08003884511986138,185.63999999999942,0.1987215622315128,43,green,BTCUSDT
2025-01-01,09:55:00,93395.9,93425.99,93365.27,93417.14,21.24000000000524,0.022741897663607548,60.720000000001164,0.0650135605524452,22,green,BTCUSDT
2025-01-01,09:50:00,93203.48,93437.42,93203.48,93395.9,192.41999999999825,0.20645151876303144,233.94000000000233,0.25099921161742283,51,green,BTCUSDT
2025-01-01,09:45:00,93110.99,93249.08,93059.12,93203.48,92.48999999999069,0.09933306476495489,189.9600000000064,0.2040145851741093,29,green,BTCUSDT
2025-01-01,09:40:00,93048.94,93128.19,92995.6,93110.99,62.05000000000291,0.0666853378447975,132.5899999999965,0.14249490644385257,62,green,BTCUSDT
2025-01-01,09:35:00,93212.79,93218.08,93021.9,93048.94,-163.84999999999127,-0.17578059834920862,196.18000000000757,0.21046467979341416,37,red,BTCUSDT
2025-01-01,09:30:00,93143.24,93320.4,93078.5,93212.79,69.54999999998836,0.07466993847324653,241.89999999999418,0.25970752144760495,53,green,BTCUSDT
2025-01-01,09:25:00,93114.17,93143.77,92912.18,93143.24,29.070000000006985,0.031219738091427963,231.59000000001106,0.2487161728445961,169,green,BTCUSDT
2025-01-01,09:20:00,93263.48,93303.47,93106.61,93114.17,-149.30999999999767,-0.16009481953707674,196.86000000000058,0.2110794064300416,53,red,BTCUSDT
2025-01-01,09:15:00,93323.85,93328.53,93176.01,93263.48,-60.370000000009895,-0.06468871569273009,152.52000000000407,0.16343089146022594,38,red,BTCUSDT
2025-01-01,09:10:00,93404.42,93419.12,93210.18,93323.85,-80.56999999999243,-0.08625930121935603,208.94000000000233,0.22369391084490686,38,red,BTCUSDT
2025-01-01,09:05:00,93485.99,93486.94,93341.46,93404.42,-81.57000000000698,-0.0872537157706807,145.47999999999593,0.15561690045748663,20,red,BTCUSDT
2025-01-01,09:00:00,93423.36,93486.94,93423.35,93485.99,62.63000000000466,0.06703890761368961,63.58999999999651,0.06806648786769873,11,green,BTCUSDT
2025-01-01,08:55:00,93506.0,93506.01,93423.3,93423.36,-82.63999999999942,-0.08837935533548587,82.70999999999185,0.08845421684169127,18,red,BTCUSDT
2025-01-01,08:50:00,93388.44,93551.12,93388.44,93506.0,117.55999999999767,0.12588281804471482,162.67999999999302,0.17419714902614608,23,green,BTCUSDT
2025-01-01,08:45:00,93475.16,93476.78,93320.82,93388.44,-86.72000000000116,-0.09277331004301159,155.95999999999185,0.16684646487900298,31,red,BTCUSDT
2025-01-01,08:40:00,93468.84,93523.72,93468.84,93475.16,6.320000000006985,0.00676161167722525,54.88000000000466,0.05871475456419986,11,green,BTCUSDT
2025-01-01,08:35:00,93460.99,93526.1,93427.38,93468.84,7.849999999991269,0.008399226244009687,98.72000000000116,0.10562695730058193,24,green,BTCUSDT
2025-01-01,08:30:00,93417.14,93516.81,93391.01,93460.99,43.85000000000582,0.046939994095308225,125.80000000000291,0.13466479491879424,27,green,BTCUSDT
2025-01-01,08:25:00,93672.19,93672.19,93308.2,93417.14,-255.0500000000029,-0.27227931790641696,363.99000000000524,0.38857850980104686,72,red,BTCUSDT
2025-01-01,08:20:00,93676.01,93693.56,93668.3,93672.19,-3.819999999992433,-0.0040778850422775615,25.25999999999476,0.026965281719401542,6,red,BTCUSDT
2025-01-01,08:15:00,93740.57,93742.83,93676.0,93676.01,-64.56000000001222,-0.0688709274970402,66.83000000000175,0.07129250440871197,7,red,BTCUSDT
2025-01-01,08:10:00,93726.0,93749.6,93723.16,93740.57,14.570000000006985,0.015545312933451747,26.44000000000233,0.028209888398099063,5,green,BTCUSDT
2025-01-01,08:05:00,93713.73,93764.52,93672.8,93726.0,12.270000000004075,0.013093065445163771,91.72000000000116,0.09787253159169011,37,green,BTCUSDT
2025-01-01,08:00:00,93693.32,93725.96,93693.32,93713.73,20.40999999998894,0.021783836883983766,32.63999999999942,0.03483706202320445,8,green,BTCUSDT
2025-01-01,07:55:00,93771.33,93771.33,93678.7,93693.32,-78.00999999999476,-0.0831917388822306,92.63000000000466,0.09878285825742758,16,red,BTCUSDT
2025-01-01,07:50:00,93718.0,93779.06,93718.0,93771.33,53.330000000001746,0.056904756823664346,61.05999999999767,0.06515290552508342,7,green,BTCUSDT
2025-01-01,07:45:00,93743.23,93755.77,93716.15,93718.0,-25.229999999995925,-0.026913943545572225,39.620000000009895,0.04226438538549386,3,red,BTCUSDT
2025-01-01,07:40:00,93777.86,93777.86,93721.36,93743.23,-34.63000000000466,-0.03692769274112744,56.5,0.06024876234113254,8,red,BTCUSDT
2025-01-01,07:35:00,93763.1,93810.23,93756.2,93777.86,14.759999999994761,0.015741800345759432,54.029999999998836,0.057623948013662975,10,green,BTCUSDT
2025-01-01,07:30:00,93789.25,93795.16,93761.01,93763.1,-26.14999999999418,-0.027881660211585207,34.15000000000873,0.03641142241782372,8,red,BTCUSDT
2025-01-01,07:25:00,93743.21,93792.0,93739.72,93789.25,46.0399999999936,0.04911289041626971,52.279999999998836,0.055769372523086023,4,green,BTCUSDT
2025-01-01,07:20:00,93735.17,93771.49,93714.24,93743.21,8.040000000008149,0.008577356823493412,57.25,0.06107632812742538,12,green,BTCUSDT
2025-01-01,07:15:00,93682.17,93735.78,93679.93,93735.17,53.0,0.05657426594623075,55.85000000000582,0.05961646703957201,10,green,BTCUSDT
2025-01-01,07:10:00,93667.89,93696.01,93659.44,93682.17,14.279999999998836,0.015245352489523181,36.56999999999243,0.03904219471581183,13,green,BTCUSDT
2025-01-01,07:05:00,93690.69,93709.61,93657.0,93667.89,-22.80000000000291,-0.024335395544640467,52.61000000000058,0.05615285787734148,8,red,BTCUSDT
2025-01-01,07:00:00,93762.73,93763.65,93685.34,93690.69,-72.0399999999936,-0.07683223387372957,78.30999999999767,0.08351932585580397,9,red,BTCUSDT
2025-01-01,06:55:00,93730.48,93762.73,93715.41,93762.73,32.25,0.0344071640303133,47.31999999999243,0.050485178353927594,11,green,BTCUSDT
2025-01-01,06:50:00,93675.44,93730.48,93667.77,93730.48,55.0399999999936,0.058756062421477386,62.70999999999185,0.0669439076026671,9,green,BTCUSDT
2025-01-01,06:45:00,93704.23,93722.03,93669.75,93675.44,-28.789999999993597,-0.030724333362531872,52.279999999998836,0.05579257201088877,15,red,BTCUSDT
2025-01-01,06:40:00,93643.33,93704.23,93643.33,93704.23,60.89999999999418,0.0650339965483865,60.89999999999418,0.0650339965483865,12,green,BTCUSDT
2025-01-01,06:35:00,93608.25,93657.6,93566.71,93643.33,35.080000000001746,0.03747532936466791,90.88999999999942,0.09709614270109677,28,green,BTCUSDT
2025-01-01,06:30:00,93658.51,93658.52,93602.61,93608.25,-50.25999999999476,-0.05366303606580412,55.91000000000349,0.05969558986151231,14,red,BTCUSDT
2025-01-01,06:25:00,93679.16,93694.72,93652.02,93658.51,-20.65000000000873,-0.022043323189499916,42.69999999999709,0.04558110896809609,8,red,BTCUSDT
2025-01-01,06:20:00,93631.85,93711.59,93621.98,93679.16,47.30999999999767,0.05052767834876451,89.61000000000058,0.09570461333403173,10,green,BTCUSDT
2025-01-01,06:15:00,93616.16,93676.64,93611.0,93631.85,15.690000000002328,0.016759926918602865,65.63999999999942,0.07011609961357038,14,green,BTCUSDT
2025-01-01,06:10:00,93667.47,93686.61,93611.0,93616.16,-51.30999999999767,-0.054778889618773384,75.61000000000058,0.08072172761792389,14,red,BTCUSDT
2025-01-01,06:05:00,93731.59,93731.59,93659.86,93667.47,-64.11999999999534,-0.06840810019332366,71.72999999999593,0.0765270278675481,6,red,BTCUSDT
2025-01-01,06:00:00,93796.38,93799.09,93728.47,93731.59,-64.79000000000815,-0.06907516046995432,70.61999999999534,0.07529075215908689,10,red,BTCUSDT
2025-01-01,05:55:00,93801.91,93801.92,93786.51,93796.38,-5.529999999998836,-0.005895402343085376,15.410000000003492,0.016428236909038944,4,red,BTCUSDT
2025-01-01,05:50:00,93845.84,93845.84,93801.91,93801.91,-43.929999999993015,-0.046810812285332,43.929999999993015,0.046810812285332,10,red,BTCUSDT
2025-01-01,05:45:00,93860.59,93875.11,93830.06,93845.84,-14.75,-0.015714795741215776,45.05000000000291,0.04799671512825874,9,red,BTCUSDT
2025-01-01,05:40:00,93818.8,93882.96,93800.28,93860.59,41.7899999999936,0.044543311148718165,82.68000000000757,0.08812732629281932,12,green,BTCUSDT
2025-01-01,05:35:00,93834.05,93878.04,93818.8,93818.8,-15.25,-0.01625209612075787,59.23999999999069,0.06313273273400294,16,red,BTCUSDT
2025-01-01,05:30:00,93901.0,93940.06,93834.05,93834.05,-66.94999999999709,-0.07129849522368994,106.00999999999476,0.11289549632058739,12,red,BTCUSDT
2025-01-01,05:25:00,93723.62,93940.36,93723.61,93901.0,177.38000000000466,0.18925858817660338,216.75,0.23126507490854492,28,green,BTCUSDT
2025-01-01,05:20:00,93684.27,93771.88,93681.39,93723.62,39.34999999999127,0.04200278232406707,90.49000000000524,0.09659038811959066,22,green,BTCUSDT
2025-01-01,05:15:00,93637.61,93686.16,93617.89,93684.27,46.66000000000349,0.0498304046846171,68.27000000000407,0.07290873827301239,10,green,BTCUSDT
2025-01-01,05:10:00,93582.42,93689.41,93582.42,93637.61,55.19000000000233,0.0589747518818196,106.99000000000524,0.11432702851668641,12,green,BTCUSDT
2025-01-01,05:05:00,93591.56,93630.32,93579.88,93582.42,-9.139999999999418,-0.009765837859738013,50.44000000000233,0.053893748538866464,18,red,BTCUSDT
2025-01-01,05:00:00,93569.99,93599.53,93546.84,93591.56,21.569999999992433,0.023052262803482645,52.69000000000233,0.05631078938877981,12,green,BTCUSDT
2025-01-01,04:55:00,93649.22,93685.03,93527.54,93569.99,-79.22999999999593,-0.08460294704002438,157.49000000000524,0.16817011396358159,24,red,BTCUSDT
2025-01-01,04:50:00,93641.73,93685.02,93629.1,93649.22,7.490000000005239,0.007998570722695149,55.919999999998254,0.05971696592961093,7,green,BTCUSDT
2025-01-01,04:45:00,93647.01,93685.8,93609.14,93641.73,-5.279999999998836,-0.005638193894283263,76.66000000000349,0.0818605954423996,24,red,BTCUSDT
2025-01-01,04:40:00,93638.86,93658.51,93630.12,93647.01,8.14999999999418,0.008703651454101619,28.389999999999418,0.030318609175719803,9,green,BTCUSDT
2025-01-01,04:35:00,93689.83,93689.83,93617.9,93638.86,-50.970000000001164,-0.0544029165171942,71.93000000000757,0.07677460830061018,23,red,BTCUSDT
2025-01-01,04:30:00,93745.71,93746.26,93675.14,93689.83,-55.88000000000466,-0.059608060998209575,71.11999999999534,0.07586480490680089,14,red,BTCUSDT
2025-01-01,04:25:00,93707.72,93755.68,93688.3,93745.71,37.99000000000524,0.04054095009461893,67.3799999999901,0.07190442793826389,9,green,BTCUSDT
2025-01-01,04:20:00,93722.8,93789.04,93684.2,93707.72,-15.080000000001746,-0.016090001579126684,104.83999999999651,0.11186178816680306,26,red,BTCUSDT
2025-01-01,04:15:00,93717.54,93734.11,93679.2,93722.8,5.260000000009313,0.005612609976754952,54.91000000000349,0.058590953198305776,18,green,BTCUSDT
2025-01-01,04:10:00,93734.99,93739.47,93690.43,93717.54,-17.45000000001164,-0.018616313929314593,49.04000000000815,0.05231770974745732,20,red,BTCUSDT
2025-01-01,04:05:00,93802.28,93809.83,93726.0,93734.99,-67.2899999999936,-0.07173599618260196,83.83000000000175,0.08936882984081171,13,red,BTCUSDT
2025-01-01,04:00:00,93838.2,93838.2,93733.55,93802.28,-35.919999999998254,-0.03827865410887917,104.64999999999418,0.1115217470070762,22,red,BTCUSDT
2025-01-01,03:55:00,93805.91,93846.64,93795.24,93838.2,32.2899999999936,0.03442213822134831,51.39999999999418,0.05479398899279819,7,green,BTCUSDT
2025-01-01,03:50:00,93791.09,93820.75,93786.41,93805.91,14.820000000006985,0.015801074494397053,34.33999999999651,0.0366132859741757,9,green,BTCUSDT
2025-01-01,03:45:00,93853.27,93877.93,93725.97,93791.09,-62.18000000000757,-0.06625235327443313,151.95999999999185,0.16191231269831285,24,red,BTCUSDT
2025-01-01,03:40:00,93860.58,93897.34,93835.87,93853.27,-7.309999999997672,-0.007788147058112864,61.470000000001164,0.06549075234779198,16,red,BTCUSDT
2025-01-01,03:35:00,93823.85,93862.24,93801.99,93860.58,36.729999999995925,0.03914782861713298,60.25,0.06421608151871831,7,green,BTCUSDT
2025-01-01,03:30:00,93832.91,93861.04,93823.85,93823.85,-9.059999999997672,-0.009655460967796556,37.189999999987776,0.039634281831382796,14,red,BTCUSDT
2025-01-01,03:25:00,93842.66,93861.09,93829.53,93832.91,-9.75,-0.010389731066872998,31.55999999999767,0.033630760253383345,11,red,BTCUSDT
2025-01-01,03:20:00,93851.8,93863.55,93768.8,93842.66,-9.139999999999418,-0.009738758340276285,94.75,0.10095704078131693,20,red,BTCUSDT
2025-01-01,03:15:00,93972.55,93974.99,93835.7,93851.8,-120.75,-0.1284949700737077,139.29000000000815,0.1482241356651577,24,red,BTCUSDT
2025-01-01,03:10:00,93978.38,94005.79,93968.1,93972.55,-5.830000000001746,-0.00620355447710606,37.689999999987776,0.0401049688236675,6,red,BTCUSDT
2025-01-01,03:05:00,93996.29,94055.22,93961.01,93978.38,-17.90999999998894,-0.019053943512014084,94.2100000000064,0.1002273600373019,25,red,BTCUSDT
2025-01-01,03:00:00,94095.16,94101.76,93958.03,93996.29,-98.8700000000099,-0.10507447992012542,143.72999999999593,0.15274962070312215,29,red,BTCUSDT
2025-01-01,02:55:00,94031.65,94097.87,94031.65,94095.16,63.51000000000931,0.06754108855902169,66.22000000000116,0.07042309690407557,18,green,BTCUSDT
2025-01-01,02:50:00,93936.18,94103.34,93936.18,94031.65,95.47000000000116,0.10163283199295646,167.1600000000035,0.1779506043358411,21,green,BTCUSDT
2025-01-01,02:45:00,93935.08,93971.53,93909.61,93936.18,1.0999999999912689,0.0011710215182562987,61.919999999998254,0.06591786582818501,16,green,BTCUSDT
2025-01-01,02:40:00,93886.85,93935.08,93853.8,93935.08,48.229999999995925,0.05137034632645139,81.27999999999884,0.08657229420307405,17,green,BTCUSDT
2025-01-01,02:35:00,93782.24,93893.19,93771.94,93886.85,104.61000000000058,0.11154564019797412,121.25,0.12928887175226353,15,green,BTCUSDT
2025-01-01,02:30:00,93747.35,93807.56,93734.25,93782.24,34.88999999999942,0.037217052002002635,73.30999999999767,0.07819954377376818,18,green,BTCUSDT
2025-01-01,02:25:00,93715.79,93747.35,93693.63,93747.35,31.560000000012224,0.03367628870226909,53.720000000001164,0.057322250604728585,11,green,BTCUSDT
2025-01-01,02:20:00,93764.64,93779.41,93700.69,93715.79,-48.85000000000582,-0.052098530960078146,78.72000000000116,0.08395488960444061,14,red,BTCUSDT
2025-01-01,02:15:00,93800.1,93805.53,93684.32,93764.64,-35.4600000000064,-0.03780379765054238,121.20999999999185,0.12922161063793305,27,red,BTCUSDT
2025-01-01,02:10:00,93688.76,93816.58,93672.71,93800.1,111.34000000001106,0.1188402963173075,143.86999999999534,0.15356164389409718,23,green,BTCUSDT
2025-01-01,02:05:00,93757.23,93789.73,93672.28,93688.76,-68.47000000000116,-0.07302903466751436,117.44999999999709,0.12527033915144153,27,red,BTCUSDT
2025-01-01,02:00:00,93613.73,93786.57,93589.27,93757.23,143.5,0.15328948007947127,197.3000000000029,0.2107596823671089,29,green,BTCUSDT
2025-01-01,01:55:00,93631.74,93655.54,93591.74,93613.73,-18.010000000009313,-0.01923493037725168,63.79999999998836,0.06813928695545801,16,red,BTCUSDT
2025-01-01,01:50:00,93867.47,93867.47,93584.32,93631.74,-235.72999999999593,-0.25113066326385053,283.1499999999942,0.3016486968275529,42,red,BTCUSDT
2025-01-01,01:45:00,93924.29,93958.49,93820.16,93867.47,-56.81999999999243,-0.060495533157602185,138.33000000000175,0.14727819608751022,24,red,BTCUSDT
2025-01-01,01:40:00,93916.23,93983.6,93915.34,93924.29,8.059999999997672,0.008582116211434032,68.26000000000931,0.07268179312564965,15,green,BTCUSDT
2025-01-01,01:35:00,93967.5,93979.51,93902.19,93916.23,-51.270000000004075,-0.054561417511377955,77.31999999999243,0.08228376832414658,18,red,BTCUSDT
2025-01-01,01:30:00,93834.98,93996.3,93829.26,93967.5,132.52000000000407,0.1412266512978466,167.04000000000815,0.17801463803797704,30,green,BTCUSDT
2025-01-01,01:25:00,93908.39,93944.79,93834.03,93834.98,-73.41000000000349,-0.07817192904702497,110.75999999999476,0.11794473315961947,18,red,BTCUSDT
2025-01-01,01:20:00,93984.19,93999.99,93851.28,93908.39,-75.80000000000291,-0.08065186282927257,148.7100000000064,0.1582287403870868,20,red,BTCUSDT
2025-01-01,01:15:00,94143.58,94143.58,93961.43,93984.19,-159.38999999999942,-0.16930522506154896,182.15000000000873,0.19348106371141688,23,red,BTCUSDT
2025-01-01,01:10:00,94068.79,94181.42,94063.42,94143.58,74.79000000000815,0.07950564687821343,118.0,0.12544011674860495,49,green,BTCUSDT
2025-01-01,01:05:00,94106.06,94106.06,93913.03,94068.79,-37.270000000004075,-0.03960425077832828,193.02999999999884,0.2051196277901751,69,red,BTCUSDT
2025-01-01,01:00:00,94393.55,94406.49,94088.67,94106.06,-287.49000000000524,-0.3045653013368024,317.820000000007,0.33669673404592476,30,red,BTCUSDT
2025-01-01,00:55:00,94249.79,94482.29,94203.16,94393.55,143.7600000000093,0.15253084383531182,279.1299999999901,0.2961598110722476,70,green,BTCUSDT
2025-01-01,00:50:00,93970.41,94313.5,93954.04,94249.79,279.3799999999901,0.2973063542023389,359.4600000000064,0.3825246692017268,88,green,BTCUSDT
2025-01-01,00:45:00,93876.26,94012.34,93849.81,93970.41,94.15000000000873,0.10029159661879238,162.52999999999884,0.17313216355231753,30,green,BTCUSDT
2025-01-01,00:40:00,93904.62,93950.99,93871.78,93876.26,-28.360000000000582,-0.030200856997238883,79.2100000000064,0.0843515473466656,20,red,BTCUSDT
2025-01-01,00:35:00,93874.5,93916.89,93824.5,93904.62,30.119999999995343,0.032085390601276534,92.38999999999942,0.09841863338819318,26,green,BTCUSDT
2025-01-01,00:30:00,93755.8,93961.0,93753.27,93874.5,118.69999999999709,0.1266055006730219,207.72999999999593,0.22156495918118765,40,green,BTCUSDT
2025-01-01,00:25:00,93726.01,93760.99,93706.06,93755.8,29.79000000000815,0.03178413334783818,54.93000000000757,0.058606997139862844,14,green,BTCUSDT
2025-01-01,00:20:00,93801.01,93899.99,93696.49,93726.01,-75.0,-0.07995649513795214,203.5,0.21694862347431015,49,red,BTCUSDT
2025-01-01,00:15:00,93651.01,93849.88,93610.71,93801.01,150.0,0.16016912150760573,239.16999999999825,0.2553843252731586,38,green,BTCUSDT
2025-01-01,00:10:00,93610.65,93662.98,93484.52,93651.01,40.36000000000058,0.04311475243468621,178.45999999999185,0.19064070167229033,46,green,BTCUSDT
2025-01-01,00:05:00,93662.83,93692.92,93591.19,93610.65,-52.18000000000757,-0.05571046700169914,101.72999999999593,0.10861298980609055,49,red,BTCUSDT
2025-01-01,00:00:00,93571.01,93730.08,93534.94,93662.83,91.82000000000698,0.09812868323213246,195.13999999999942,0.20854749777735587,81,green,BTCUSDT
2024-12-31,23:55:00,93649.81,93687.52,93571.0,93571.01,-78.80000000000291,-0.08414325667078545,116.52000000000407,0.12442096785888201,21,red,BTCUSDT
2024-12-31,23:50:00,93546.38,93714.22,93544.8,93649.81,103.42999999999302,0.11056547564961146,169.41999999999825,0.18110802363490522,21,green,BTCUSDT
2024-12-31,23:45:00,93494.27,93546.38,93472.13,93546.38,52.11000000000058,0.05573603601589763,74.25,0.0794166316288688,24,green,BTCUSDT
2024-12-31,23:40:00,93470.16,93510.01,93427.39,93494.27,24.110000000000582,0.025794328371750497,82.61999999999534,0.08839184612500432,91,green,BTCUSDT
2024-12-31,23:35:00,93548.17,93548.17,93426.37,93470.16,-78.00999999999476,-0.08339019352275386,121.80000000000291,0.13020030215449743,31,red,BTCUSDT
2024-12-31,23:30:00,93731.66,93741.9,93522.54,93548.17,-183.49000000000524,-0.1957609627312748,219.36000000000058,0.2340297824662452,29,red,BTCUSDT
2024-12-31,23:25:00,93640.41,93756.61,93629.84,93731.66,91.25,0.0974472452651585,126.77000000000407,0.13537958665495387,11,green,BTCUSDT
2024-12-31,23:20:00,93662.58,93665.79,93593.71,93640.41,-22.169999999998254,-0.02367007186861418,72.0799999999872,0.07695709428459818,14,red,BTCUSDT
2024-12-31,23:15:00,93711.97,93720.39,93650.0,93662.58,-49.38999999999942,-0.05270404623870293,70.38999999999942,0.07511313656088908,15,red,BTCUSDT
2024-12-31,23:10:00,93648.56,93764.85,93599.3,93711.97,63.41000000000349,0.06771059800599549,165.5500000000029,0.1767779451173653,19,green,BTCUSDT
2024-12-31,23:05:00,93420.05,93648.56,93380.48,93648.56,228.50999999999476,0.24460487871714345,268.08000000000175,0.2869619530282865,28,green,BTCUSDT
2024-12-31,23:00:00,93497.17,93585.16,93394.05,93420.05,-77.11999999999534,-0.08248377999034125,191.11000000000058,0.2044019086353101,38,red,BTCUSDT
2024-12-31,22:55:00,93529.99,93615.71,93382.44,93497.17,-32.820000000006985,-0.03509034909552218,233.27000000000407,0.24940663417156791,70,red,BTCUSDT
2024-12-31,22:50:00,93792.79,93792.79,93523.17,93529.99,-262.79999999998836,-0.28019211284789414,269.61999999999534,0.2874634606775162,23,red,BTCUSDT
2024-12-31,22:45:00,93787.99,93802.84,93787.99,93792.79,4.7999999999883585,0.005117926079861993,14.849999999991269,0.015833583809602134,5,green,BTCUSDT
2024-12-31,22:40:00,93767.41,93844.49,93765.84,93787.99,20.580000000001746,0.02194792412417251,78.65000000000873,0.08387775667474309,14,green,BTCUSDT
2024-12-31,22:35:00,93679.52,93767.41,93639.31,93767.41,87.88999999999942,0.09381986585755288,128.10000000000582,0.13674280141487255,14,green,BTCUSDT
2024-12-31,22:30:00,93734.95,93735.1,93607.05,93679.52,-55.429999999993015,-0.05913482644413105,128.0500000000029,0.13660859690009214,14,red,BTCUSDT
2024-12-31,22:25:00,93582.46,93734.95,93582.46,93734.95,152.4899999999907,0.162947201858116,152.4899999999907,0.162947201858116,11,green,BTCUSDT
2024-12-31,22:20:00,93746.36,93746.36,93582.46,93582.46,-163.89999999999418,-0.17483345486693477,163.89999999999418,0.17483345486693477,15,red,BTCUSDT
2024-12-31,22:15:00,93775.96,93840.73,93691.04,93746.36,-29.60000000000582,-0.031564592887138476,149.69000000000233,0.15962513207009804,24,red,BTCUSDT
2024-12-31,22:10:00,93718.61,93775.96,93702.36,93775.96,57.35000000000582,0.06119382265700038,73.60000000000582,0.07853296159642767,18,green,BTCUSDT
2024-12-31,22:05:00,93793.56,93793.56,93710.65,93718.61,-74.94999999999709,-0.07990953749915995,82.91000000000349,0.08839626089467495,18,red,BTCUSDT
2024-12-31,22:00:00,93896.34,93896.34,93793.56,93793.56,-102.77999999999884,-0.10946113554585711,102.77999999999884,0.10946113554585711,20,red,BTCUSDT
2024-12-31,21:55:00,93869.55,93945.47,93858.29,93896.34,26.789999999993597,0.028539606294047,87.18000000000757,0.09287356762657066,29,green,BTCUSDT
2024-12-31,21:50:00,93876.0,93886.46,93839.89,93869.55,-6.44999999999709,-0.006870765690908315,46.570000000006985,0.0496079935233787,19,red,BTCUSDT
2024-12-31,21:45:00,93918.58,93918.59,93824.04,93876.0,-42.580000000001746,-0.045337142022379116,94.55000000000291,0.10067230573546035,17,red,BTCUSDT
2024-12-31,21:40:00,93967.78,93973.8,93884.09,93918.58,-49.19999999999709,-0.05235837219948912,89.7100000000064,0.09546889369952807,24,red,BTCUSDT
2024-12-31,21:35:00,93740.11,93972.88,93730.49,93967.78,227.66999999999825,0.24287362154791398,242.38999999999942,0.2585766114419958,26,green,BTCUSDT
2024-12-31,21:30:00,93613.7,93787.53,93596.81,93740.11,126.41000000000349,0.13503365426214697,190.72000000000116,0.20373086417906908,26,green,BTCUSDT
2024-12-31,21:25:00,93740.88,93751.15,93571.25,93613.7,-127.18000000000757,-0.13567186482568497,179.89999999999418,0.19191200253293353,26,red,BTCUSDT
2024-12-31,21:20:00,93624.88,93776.0,93588.96,93740.88,116.0,0.12389869017722639,187.0399999999936,0.19977595698920372,38,green,BTCUSDT
2024-12-31,21:15:00,93577.8,93637.32,93526.66,93624.88,47.080000000001746,0.05031107805483966,110.66000000000349,0.11825454327843088,28,green,BTCUSDT
2024-12-31,21:10:00,93568.74,93612.62,93509.11,93577.8,9.059999999997672,0.00968272096001044,103.50999999999476,0.11062455260164318,43,green,BTCUSDT
2024-12-31,21:05:00,93724.94,93739.83,93515.21,93568.74,-156.1999999999971,-0.1666578820962671,224.61999999999534,0.23965872904265967,69,red,BTCUSDT
2024-12-31,21:00:00,93571.0,93782.98,93567.02,93724.94,153.94000000000233,0.16451678404634165,215.95999999999185,0.23079800365496983,53,green,BTCUSDT
2024-12-31,20:55:00,93645.59,93680.99,93448.13,93571.0,-74.58999999999651,-0.07965137493393604,232.86000000000058,0.24866093534142994,79,red,BTCUSDT
2024-12-31,20:50:00,93819.97,93820.99,93618.38,93645.59,-174.38000000000466,-0.1858666124067239,202.61000000000058,0.2159561551767716,67,red,BTCUSDT
2024-12-31,20:45:00,93703.75,93822.79,93615.34,93819.97,116.22000000000116,0.124029187732616,207.4499999999971,0.22138921868121295,76,green,BTCUSDT
2024-12-31,20:40:00,93786.86,93840.52,93686.94,93703.75,-83.11000000000058,-0.08861582528725302,153.58000000000175,0.163754282849433,62,red,BTCUSDT
2024-12-31,20:35:00,93928.26,93948.77,93728.64,93786.86,-141.39999999999418,-0.1505404230845905,220.13000000000466,0.23435971240178904,51,red,BTCUSDT
2024-12-31,20:30:00,94102.13,94118.7,93910.14,93928.26,-173.8700000000099,-0.18476733735996187,208.55999999999767,0.22163154011497682,40,red,BTCUSDT
2024-12-31,20:25:00,94068.56,94145.29,94039.9,94102.13,33.570000000006985,0.03568673741790773,105.38999999999942,0.11203530701437274,33,green,BTCUSDT
2024-12-31,20:20:00,93980.27,94160.99,93973.84,94068.56,88.2899999999936,0.09394525042330013,187.15000000000873,0.1991375423799152,38,green,BTCUSDT
2024-12-31,20:15:00,93944.74,93984.63,93878.24,93980.27,35.529999999998836,0.037820105734497574,106.38999999999942,0.11324742609325378,40,green,BTCUSDT
2024-12-31,20:10:00,94201.21,94201.88,93876.09,93944.74,-256.47000000000116,-0.2722576493444205,325.79000000000815,0.34584481451990706,42,red,BTCUSDT
2024-12-31,20:05:00,94100.79,94249.37,94092.76,94201.21,100.4200000000128,0.10671536338856752,156.61000000000058,0.1664279332830262,36,green,BTCUSDT
2024-12-31,20:00:00,94176.61,94196.54,94092.48,94100.79,-75.82000000000698,-0.08050831305141158,104.05999999999767,0.1104945272504475,32,red,BTCUSDT
2024-12-31,19:55:00,94083.87,94180.2,94067.28,94176.61,92.74000000000524,0.09857162550818248,112.91999999999825,0.12002057313330995,25,green,BTCUSDT
2024-12-31,19:50:00,94039.51,94165.05,94029.97,94083.87,44.36000000000058,0.047171662208789246,135.08000000000175,0.1436417522805061,37,green,BTCUSDT
2024-12-31,19:45:00,93836.42,94069.11,93835.24,94039.51,203.0899999999965,0.21642982543451308,233.86999999999534,0.24923158833211598,45,green,BTCUSDT
2024-12-31,19:40:00,93923.09,93923.1,93700.02,93836.42,-86.66999999999825,-0.09227762842981237,223.08000000000175,0.23751348044448042,36,red,BTCUSDT
2024-12-31,19:35:00,93936.93,93967.02,93876.64,93923.09,-13.839999999996508,-0.014733289665732644,90.38000000000466,0.09621349132870817,37,red,BTCUSDT
2024-12-31,19:30:00,93940.03,94012.11,93906.61,93936.93,-3.1000000000058208,-0.003299977655963939,105.5,0.11230569119469092,31,red,BTCUSDT
2024-12-31,19:25:00,93967.19,94040.03,93927.02,93940.03,-27.160000000003492,-0.02890370564449516,113.00999999999476,0.12026538199130436,36,red,BTCUSDT
2024-12-31,19:20:00,94040.77,94061.96,93917.5,93967.19,-73.58000000000175,-0.07824266007179838,144.4600000000064,0.15361422497923655,40,red,BTCUSDT
2024-12-31,19:15:00,94251.83,94253.08,94003.61,94040.77,-211.05999999999767,-0.22393199155920648,249.47000000000116,0.26468451593990394,50,red,BTCUSDT
2024-12-31,19:10:00,94065.67,94289.57,94060.08,94251.83,186.1600000000035,0.19790429388320255,229.49000000000524,0.24396785777426053,72,green,BTCUSDT
2024-12-31,19:05:00,93905.79,94075.41,93872.43,94065.67,159.88000000000466,0.17025574248404138,202.98000000001048,0.21615280591325675,64,green,BTCUSDT
2024-12-31,19:00:00,93886.51,93973.85,93858.35,93905.79,19.279999999998836,0.020535431554542648,115.5,0.12302086849324785,52,green,BTCUSDT
2024-12-31,18:55:00,93942.87,93972.08,93821.75,93886.51,-56.36000000000058,-0.059993909064094575,150.33000000000175,0.16002278831805092,51,red,BTCUSDT
2024-12-31,18:50:00,94137.58,94216.62,93883.56,93942.87,-194.7100000000064,-0.20683556981176532,333.0599999999977,0.3538013193030856,47,red,BTCUSDT
2024-12-31,18:45:00,94094.88,94208.9,94016.18,94137.58,42.69999999999709,0.045379727356044335,192.72000000000116,0.20481454463834925,42,green,BTCUSDT
2024-12-31,18:40:00,94055.67,94119.28,93965.92,94094.88,39.2100000000064,0.041688076859169046,153.36000000000058,0.163052371005385,51,green,BTCUSDT
2024-12-31,18:35:00,94083.61,94127.03,93896.32,94055.67,-27.94000000000233,-0.029696989730732405,230.70999999999185,0.24521805657753976,67,red,BTCUSDT
2024-12-31,18:30:00,93991.52,94200.09,93953.57,94083.61,92.08999999999651,0.09797692387568209,246.51999999998952,0.26227898006116884,53,green,BTCUSDT
2024-12-31,18:25:00,93908.78,94039.09,93791.59,93991.52,82.74000000000524,0.08810677766232852,247.5,0.2635536315134751,47,green,BTCUSDT
2024-12-31,18:20:00,94193.35,94223.57,93867.04,93908.78,-284.570000000007,-0.3021126226002228,356.5300000000134,0.3785086739138308,77,red,BTCUSDT
2024-12-31,18:15:00,94201.0,94280.99,94111.24,94193.35,-7.649999999994179,-0.00812093289879532,169.75,0.18019978556490907,52,red,BTCUSDT
2024-12-31,18:10:00,94323.68,94323.68,94162.97,94201.0,-122.67999999999302,-0.13006277956923756,160.70999999999185,0.17038139309237285,51,red,BTCUSDT
2024-12-31,18:05:00,94089.55,94404.49,93996.46,94323.68,234.1299999999901,0.2488374107432654,408.02999999999884,0.43366133646084903,90,green,BTCUSDT
2024-12-31,18:00:00,94121.89,94196.6,94025.2,94089.55,-32.33999999999651,-0.03435970102172461,171.40000000000873,0.18210429051096266,68,red,BTCUSDT
2024-12-31,17:55:00,93908.81,94177.23,93883.34,94121.89,213.08000000000175,0.22690096914230068,293.8899999999994,0.3129525334204527,76,green,BTCUSDT
2024-12-31,17:50:00,93527.66,93940.93,93501.47,93908.81,381.1499999999942,0.4075265007164663,439.45999999999185,0.4698716935717111,89,green,BTCUSDT
2024-12-31,17:45:00,93730.29,93764.42,93477.51,93527.66,-202.6299999999901,-0.21618411721545952,286.9100000000035,0.30610168815225425,99,red,BTCUSDT
2024-12-31,17:40:00,93376.94,93939.39,93308.05,93730.29,353.34999999999127,0.3784124859949269,631.3399999999965,0.6761198214462762,140,green,BTCUSDT
2024-12-31,17:35:00,94086.79,94086.79,93192.76,93376.94,-709.8499999999913,-0.7544629804035097,894.0299999999988,0.950218410044597,310,red,BTCUSDT
2024-12-31,17:30:00,94548.1,94592.03,94059.59,94086.79,-461.3100000000122,-0.4879103863536255,532.4400000000023,0.5631419351631628,134,red,BTCUSDT
2024-12-31,17:25:00,94635.97,94724.01,94497.21,94548.1,-87.86999999999534,-0.09285053030047175,226.79999999998836,0.23965517551094825,74,red,BTCUSDT
2024-12-31,17:20:00,94897.57,94930.95,94631.55,94635.97,-261.6000000000058,-0.2756656466546043,299.3999999999942,0.3154980680748666,52,red,BTCUSDT
2024-12-31,17:15:00,94950.0,94997.9,94822.88,94897.57,-52.429999999993015,-0.05521853607160928,175.01999999998952,0.1843285939968294,42,red,BTCUSDT
2024-12-31,17:10:00,94927.37,95061.0,94921.01,94950.0,22.630000000004657,0.02383927838726034,139.99000000000524,0.1474706399218742,38,green,BTCUSDT
2024-12-31,17:05:00,94830.23,94930.49,94769.01,94927.37,97.13999999999942,0.10243568954752026,161.48000000001048,0.17028325250293128,68,green,BTCUSDT
2024-12-31,17:00:00,94875.69,94911.23,94723.01,94830.23,-45.4600000000064,-0.047915330049253295,188.22000000000116,0.19838590897204664,65,red,BTCUSDT
2024-12-31,16:55:00,94913.47,94975.99,94843.47,94875.69,-37.779999999998836,-0.039804676828271934,132.52000000000407,0.13962191035687987,35,red,BTCUSDT
2024-12-31,16:50:00,94938.83,95011.95,94907.93,94913.47,-25.360000000000582,-0.026711936517440315,104.02000000000407,0.10956528535268875,40,red,BTCUSDT
2024-12-31,16:45:00,94876.55,94991.54,94853.54,94938.83,62.279999999998836,0.06564319634303611,138.0,0.14545216916087275,54,green,BTCUSDT
2024-12-31,16:40:00,94883.03,94932.13,94718.25,94876.55,-6.4799999999959255,-0.006829461495902824,213.88000000000466,0.22541438653466764,79,red,BTCUSDT
2024-12-31,16:35:00,94677.52,94888.03,94675.75,94883.03,205.50999999999476,0.21706314233832358,212.27999999999884,0.22421373098915012,78,green,BTCUSDT
2024-12-31,16:30:00,94963.01,94994.34,94631.85,94677.52,-285.4899999999907,-0.3006328464103978,362.4899999999907,0.38171704961752023,127,red,BTCUSDT
2024-12-31,16:25:00,95155.08,95164.19,94963.0,94963.01,-192.07000000000698,-0.2018494440864397,201.19000000000233,0.21143379838470247,79,red,BTCUSDT
2024-12-31,16:20:00,95222.13,95321.71,95063.84,95155.08,-67.05000000000291,-0.07041430390183764,257.8700000000099,0.27080889704946726,82,red,BTCUSDT
2024-12-31,16:15:00,95490.23,95545.91,95201.72,95222.13,-268.09999999999127,-0.2807617072448053,344.1900000000023,0.36044525183361936,58,red,BTCUSDT
2024-12-31,16:10:00,95506.23,95610.73,95437.15,95490.23,-16.0,-0.016752833820369625,173.58000000000175,0.1817473059087368,60,red,BTCUSDT
2024-12-31,16:05:00,95279.98,95515.69,95166.99,95506.23,226.25,0.23745806831613525,348.6999999999971,0.3659740482733068,122,green,BTCUSDT
2024-12-31,16:00:00,95425.71,95486.64,95205.67,95279.98,-145.73000000001048,-0.15271565702787065,280.97000000000116,0.2944384694648865,77,red,BTCUSDT
2024-12-31,15:55:00,95510.82,95551.0,95393.77,95425.71,-85.11000000000058,-0.08911032278856006,157.22999999999593,0.1646200922576059,70,red,BTCUSDT
2024-12-31,15:50:00,95444.24,95560.36,95339.64,95510.82,66.58000000000175,0.06975800739782907,220.72000000000116,0.23125544296858686,76,green,BTCUSDT
2024-12-31,15:45:00,95753.38,95783.92,95416.51,95444.24,-309.1399999999994,-0.3228502221018197,367.4100000000035,0.38370447079779685,104,red,BTCUSDT
2024-12-31,15:40:00,95989.88,96006.45,95718.36,95753.38,-236.5,-0.24638013923967816,288.0899999999965,0.30012538821800433,109,red,BTCUSDT
2024-12-31,15:35:00,95573.89,96006.99,95571.0,95989.88,415.99000000000524,0.4352548588322661,435.99000000000524,0.4561810762332738,129,green,BTCUSDT
2024-12-31,15:30:00,95606.54,95704.76,95455.28,95573.89,-32.64999999999418,-0.03415038343610613,249.47999999999593,0.26094449187262286,127,red,BTCUSDT
2024-12-31,15:25:00,95458.67,95686.39,95422.95,95606.54,147.86999999999534,0.15490473521157935,263.4400000000023,0.2759728372498824,116,green,BTCUSDT
2024-12-31,15:20:00,95393.72,95489.7,95352.44,95458.67,64.94999999999709,0.06808624299377054,137.25999999999476,0.1438878785731333,81,green,BTCUSDT
2024-12-31,15:15:00,95440.72,95499.09,95311.87,95393.72,-47.0,-0.0492452278230927,187.22000000000116,0.19616365006466965,104,red,BTCUSDT
2024-12-31,15:10:00,95009.58,95540.08,94992.48,95440.72,431.1399999999994,0.45378581823011893,547.6000000000058,0.5763629309802293,146,green,BTCUSDT
2024-12-31,15:05:00,95573.32,95610.85,94927.0,95009.58,-563.7400000000052,-0.5898508077358883,683.8500000000058,0.7155239558487723,216,red,BTCUSDT
2024-12-31,15:00:00,95698.77,95846.68,95524.57,95573.32,-125.44999999999709,-0.13108841419800596,322.10999999998603,0.33658739814522803,117,red,BTCUSDT
2024-12-31,14:55:00,95672.29,95745.02,95574.65,95698.77,26.480000000010477,0.02767781559321981,170.3700000000099,0.17807664058214756,113,green,BTCUSDT
2024-12-31,14:50:00,95750.79,95830.64,95517.62,95672.29,-78.5,-0.0819836577849645,313.0200000000041,0.3269111408898079,99,red,BTCUSDT
2024-12-31,14:45:00,95760.96,95943.57,95672.86,95750.79,-10.170000000012806,-0.01062019428377995,270.7100000000064,0.2826934901237481,106,red,BTCUSDT
2024-12-31,14:40:00,95425.31,95819.65,95385.24,95760.96,335.65000000000873,0.3517410632462276,434.40999999998894,0.45523561830712306,126,green,BTCUSDT
2024-12-31,14:35:00,96011.26,96089.75,95389.15,95425.31,-585.9499999999971,-0.6102930010500822,700.6000000000058,0.729706078224581,207,red,BTCUSDT
2024-12-31,14:30:00,95856.13,96289.09,95702.53,96011.26,155.1299999999901,0.16183628527459862,586.5599999999977,0.6119170469327289,190,green,BTCUSDT
2024-12-31,14:25:00,95822.68,95890.69,95793.13,95856.13,33.45000000001164,0.0349082284068987,97.55999999999767,0.1018130572010694,49,green,BTCUSDT
2024-12-31,14:20:00,95836.53,95881.4,95681.0,95822.68,-13.85000000000582,-0.014451691854876027,200.39999999999418,0.20910606842713753,59,red,BTCUSDT
2024-12-31,14:15:00,95912.9,95928.32,95729.76,95836.53,-76.36999999999534,-0.07962432582060948,198.56000000001222,0.2070211619083692,93,red,BTCUSDT
2024-12-31,14:10:00,95739.05,95927.79,95613.86,95912.9,173.84999999999127,0.1815873460202407,313.929999999993,0.3279017287094378,79,green,BTCUSDT
2024-12-31,14:05:00,95574.74,95789.77,95511.63,95739.05,164.30999999999767,0.17191781008245238,278.1399999999994,0.2910183171829705,56,green,BTCUSDT
2024-12-31,14:00:00,95597.75,95690.99,95520.35,95574.74,-23.00999999999476,-0.024069604148627726,170.63999999999942,0.17849792489885946,63,red,BTCUSDT
2024-12-31,13:55:00,95953.0,95953.0,95557.6,95597.75,-355.25,-0.37023334340771,395.3999999999942,0.4120767459068441,51,red,BTCUSDT
2024-12-31,13:50:00,95899.36,95977.15,95833.02,95953.0,53.63999999999942,0.05593363709622193,144.1299999999901,0.1502929738008576,63,green,BTCUSDT
2024-12-31,13:45:00,95649.39,95937.72,95633.62,95899.36,249.97000000000116,0.26133987890565863,304.1000000000058,0.3179319805385124,80,green,BTCUSDT
2024-12-31,13:40:00,95533.86,95702.51,95445.88,95649.39,115.52999999999884,0.12093094532137488,256.6299999999901,0.26862726995432834,111,green,BTCUSDT
2024-12-31,13:35:00,95657.74,95752.45,95515.0,95533.86,-123.88000000000466,-0.12950337317189875,237.4499999999971,0.24822873716230082,143,red,BTCUSDT
2024-12-31,13:30:00,95762.37,95897.15,95632.18,95657.74,-104.6299999999901,-0.10926003606634851,264.97000000000116,0.27669532406100766,143,red,BTCUSDT
2024-12-31,13:25:00,95411.0,96065.87,95369.78,95762.37,351.36999999999534,0.3682699059856781,696.0899999999965,0.7295699657272186,245,green,BTCUSDT
2024-12-31,13:20:00,95403.75,95414.68,95256.91,95411.0,7.25,0.007599281998873209,157.76999999998952,0.16537085806374438,117,green,BTCUSDT
2024-12-31,13:15:00,95117.19,95440.02,95110.1,95403.75,286.5599999999977,0.30127046436085597,329.91999999999825,0.34685633585264475,145,green,BTCUSDT
2024-12-31,13:10:00,94889.99,95138.91,94889.99,95117.19,227.1999999999971,0.23943516065287507,248.91999999999825,0.2623248247786708,137,green,BTCUSDT
2024-12-31,13:05:00,94593.69,94890.0,94593.69,94889.99,296.3000000000029,0.31323442398748047,296.3099999999977,0.31324499551714036,70,green,BTCUSDT
2024-12-31,13:00:00,94544.68,94660.56,94520.87,94593.69,49.01000000000931,0.0518379246722389,139.69000000000233,0.14775024887704136,45,green,BTCUSDT
2024-12-31,12:55:00,94598.73,94646.63,94509.37,94544.68,-54.05000000000291,-0.057136073602682524,137.2600000000093,0.1450970853414304,42,red,BTCUSDT
2024-12-31,12:50:00,94671.95,94700.99,94587.75,94598.73,-73.22000000000116,-0.0773407540459462,113.24000000000524,0.11961304272279726,53,red,BTCUSDT
2024-12-31,12:45:00,94679.27,94773.56,94642.59,94671.95,-7.320000000006985,-0.007731365060173134,130.97000000000116,0.13833017512703802,37,red,BTCUSDT
2024-12-31,12:40:00,94727.31,94786.76,94627.77,94679.27,-48.0399999999936,-0.05071399156166643,158.9899999999907,0.1678396652454194,55,red,BTCUSDT
2024-12-31,12:35:00,94889.2,94894.65,94618.32,94727.31,-161.88999999999942,-0.17060951088216514,276.3299999999872,0.29121333091646595,80,red,BTCUSDT
2024-12-31,12:30:00,94797.34,94979.85,94791.02,94889.2,91.86000000000058,0.09690145314204027,188.83000000000175,0.19919335289365897,82,green,BTCUSDT
2024-12-31,12:25:00,94671.8,94814.89,94619.15,94797.34,125.5399999999936,0.13260548547718917,195.74000000000524,0.20675639419553155,80,green,BTCUSDT
2024-12-31,12:20:00,94408.78,94674.33,94396.67,94671.8,263.0200000000041,0.2785969694767839,277.6600000000035,0.2941040017676359,57,green,BTCUSDT
2024-12-31,12:15:00,94394.03,94522.01,94391.01,94408.78,14.75,0.015625988211330738,131.0,0.13877996309724247,53,green,BTCUSDT
2024-12-31,12:10:00,94566.0,94585.41,94392.04,94394.03,-171.97000000000116,-0.18185182835268612,193.3700000000099,0.20448152612990914,55,red,BTCUSDT
2024-12-31,12:05:00,94502.66,94613.47,94463.68,94566.0,63.33999999999651,0.06702456840897018,149.79000000000815,0.15850347492865083,63,green,BTCUSDT
2024-12-31,12:00:00,94237.66,94514.0,94237.66,94502.66,265.0,0.2812039263283914,276.3399999999965,0.29323733208145925,129,green,BTCUSDT
2024-12-31,11:55:00,94258.8,94295.99,94212.53,94237.66,-21.139999999999418,-0.02242761418562449,83.4600000000064,0.08854345695044537,29,red,BTCUSDT
2024-12-31,11:50:00,94248.97,94262.45,94187.95,94258.8,9.830000000001746,0.010429822203894374,74.5,0.07904595668260353,20,green,BTCUSDT
2024-12-31,11:45:00,94201.93,94295.7,94196.71,94248.97,47.04000000000815,0.04993528264230696,98.98999999999069,0.1050827727202518,40,green,BTCUSDT
2024-12-31,11:40:00,94157.6,94274.03,94156.43,94201.93,44.329999999987194,0.047080639268616865,117.60000000000582,0.12489698123147341,37,green,BTCUSDT
2024-12-31,11:35:00,94017.76,94165.29,93990.76,94157.6,139.84000000001106,0.14873785548603907,174.52999999999884,0.18563513957362826,33,green,BTCUSDT
2024-12-31,11:30:00,94076.0,94133.55,94013.68,94017.76,-58.24000000000524,-0.06190739402186023,119.8700000000099,0.12741825757898922,44,red,BTCUSDT
2024-12-31,11:25:00,94052.09,94077.72,93987.94,94076.0,23.910000000003492,0.025422082592745674,89.77999999999884,0.09545774049252796,30,green,BTCUSDT
2024-12-31,11:20:00,94036.23,94095.46,94011.7,94052.09,15.860000000000582,0.016865839900217804,83.76000000000931,0.08907205233558313,28,green,BTCUSDT
2024-12-31,11:15:00,94098.08,94111.0,94033.41,94036.23,-61.85000000000582,-0.06572929011942201,77.58999999999651,0.0824565177100282,49,red,BTCUSDT
2024-12-31,11:10:00,94203.21,94209.01,94076.73,94098.08,-105.13000000000466,-0.11159916949751994,132.27999999999884,0.14041984344270098,37,red,BTCUSDT
2024-12-31,11:05:00,94150.5,94279.17,94150.5,94203.21,52.7100000000064,0.05598483279430953,128.66999999999825,0.13666417066292613,38,green,BTCUSDT
2024-12-31,11:00:00,94107.43,94187.44,94072.92,94150.5,43.070000000006985,0.0457668432768879,114.52000000000407,0.12169071028717295,25,green,BTCUSDT
2024-12-31,10:55:00,94194.64,94209.97,94094.13,94107.43,-87.2100000000064,-0.09258488593406844,115.83999999999651,0.12297939670452215,33,red,BTCUSDT
2024-12-31,10:50:00,94155.01,94261.23,94127.24,94194.64,39.63000000000466,0.04209016599329622,133.9899999999907,0.14230788143933146,34,green,BTCUSDT
2024-12-31,10:45:00,94183.36,94273.49,94115.39,94155.01,-28.35000000000582,-0.030100858580545252,158.10000000000582,0.16786404732216584,55,red,BTCUSDT
2024-12-31,10:40:00,94060.77,94189.69,94058.77,94183.36,122.58999999999651,0.1303306362471799,130.91999999999825,0.1391866130800314,43,green,BTCUSDT
2024-12-31,10:35:00,94043.39,94097.81,94017.68,94060.77,17.380000000004657,0.018480831029171384,80.13000000000466,0.08520535042388908,36,green,BTCUSDT
2024-12-31,10:30:00,94008.74,94078.83,93920.8,94043.39,34.64999999999418,0.036858275092288416,158.02999999999884,0.16810139142381744,46,green,BTCUSDT
2024-12-31,10:25:00,93915.2,94079.8,93906.56,94008.74,93.54000000000815,0.09960049065540844,173.24000000000524,0.1844642826720331,51,green,BTCUSDT
2024-12-31,10:20:00,93692.9,93918.06,93673.03,93915.2,222.3000000000029,0.23726450990416875,245.02999999999884,0.26152461926143694,74,green,BTCUSDT
2024-12-31,10:15:00,93826.0,93838.44,93661.42,93692.9,-133.10000000000582,-0.14185833351097332,177.02000000000407,0.18866838616162265,60,red,BTCUSDT
2024-12-31,10:10:00,93894.45,93905.83,93685.89,93826.0,-68.44999999999709,-0.07290100746103427,219.94000000000233,0.2342417469829179,98,red,BTCUSDT
2024-12-31,10:05:00,94011.6,94040.99,93885.28,93894.45,-117.15000000000873,-0.12461228188862727,155.7100000000064,0.16562849690889891,45,red,BTCUSDT
2024-12-31,10:00:00,94028.61,94039.39,93943.03,94011.6,-17.00999999999476,-0.01809023870500134,96.36000000000058,0.1024794474788052,32,red,BTCUSDT
2024-12-31,09:55:00,94014.09,94056.28,93968.57,94028.61,14.520000000004075,0.015444493479651905,87.70999999999185,0.09329452638428118,27,green,BTCUSDT
2024-12-31,09:50:00,94025.81,94027.03,93921.7,94014.09,-11.720000000001164,-0.012464662628273199,105.33000000000175,0.11202243298941189,42,red,BTCUSDT
2024-12-31,09:45:00,94078.41,94127.01,94006.03,94025.81,-52.60000000000582,-0.05591080886678018,120.97999999999593,0.12859486039357587,48,red,BTCUSDT
2024-12-31,09:40:00,94035.59,94095.98,93968.57,94078.41,42.820000000006985,0.04553595080331498,127.40999999998894,0.13549125389651828,36,green,BTCUSDT
2024-12-31,09:35:00,93966.65,94100.98,93963.79,94035.59,68.94000000000233,0.07336645501356315,137.19000000000233,0.14599860695257555,55,green,BTCUSDT
2024-12-31,09:30:00,93978.02,94035.23,93887.26,93966.65,-11.370000000009895,-0.012098573687772837,147.97000000000116,0.15745171051699233,54,red,BTCUSDT
2024-12-31,09:25:00,94096.01,94164.15,93927.54,93978.02,-117.98999999999069,-0.12539320211344848,236.61000000000058,0.25145593314743164,66,red,BTCUSDT
2024-12-31,09:20:00,94047.52,94130.99,94006.0,94096.01,48.48999999999069,0.0515590416419175,124.99000000000524,0.13290089946019337,63,green,BTCUSDT
2024-12-31,09:15:00,94027.79,94124.2,93991.31,94047.52,19.730000000010477,0.020983158276941825,132.88999999999942,0.1413305577000155,68,green,BTCUSDT
2024-12-31,09:10:00,93984.06,94128.3,93977.04,94027.79,43.729999999995925,0.04652916675444317,151.2600000000093,0.16094218530249632,69,green,BTCUSDT
2024-12-31,09:05:00,93855.44,94019.24,93827.95,93984.06,128.61999999999534,0.13704053808707875,191.29000000000815,0.20381343905053148,64,green,BTCUSDT
2024-12-31,09:00:00,93912.34,93983.71,93816.03,93855.44,-56.89999999999418,-0.06058841681507902,167.68000000000757,0.17854948561606238,113,red,BTCUSDT
2024-12-31,08:55:00,94040.97,94178.91,93912.34,93912.34,-128.63000000000466,-0.1367808094706006,266.570000000007,0.28346155936078393,104,red,BTCUSDT
2024-12-31,08:50:00,94132.98,94160.34,93756.44,94040.97,-92.00999999999476,-0.09774470116636567,403.8999999999942,0.42907384850664904,118,red,BTCUSDT
2024-12-31,08:45:00,94249.81,94350.0,94068.84,94132.98,-116.83000000000175,-0.12395780957012194,281.1600000000035,0.2983135987223778,76,red,BTCUSDT
2024-12-31,08:40:00,94347.83,94434.88,94192.02,94249.81,-98.02000000000407,-0.10389216158973033,242.86000000000058,0.25740920591390454,79,red,BTCUSDT
2024-12-31,08:35:00,94306.29,94459.73,94218.76,94347.83,41.54000000000815,0.04404796329068628,240.97000000000116,0.25551848132293314,102,green,BTCUSDT
2024-12-31,08:30:00,94090.9,94736.74,94088.95,94306.29,215.38999999999942,0.2289169303301376,647.7900000000081,0.6884725302872097,264,green,BTCUSDT
2024-12-31,08:25:00,93688.92,94181.5,93682.11,94090.9,401.9799999999959,0.4290582066694716,499.3899999999994,0.5330299463373037,233,green,BTCUSDT
2024-12-31,08:20:00,93258.09,93721.71,93258.09,93688.92,430.83000000000175,0.4619760065855968,463.6200000000099,0.4971364950751296,141,green,BTCUSDT
2024-12-31,08:15:00,92964.81,93317.47,92959.58,93258.09,293.27999999999884,0.31547421008013554,357.8899999999994,0.38497362604193935,74,green,BTCUSDT
2024-12-31,08:10:00,92948.08,93001.33,92921.1,92964.81,16.729999999995925,0.01799929595102548,80.22999999999593,0.08631700622540661,20,green,BTCUSDT
2024-12-31,08:05:00,92891.88,92948.08,92876.23,92948.08,56.19999999999709,0.06050044417229696,71.85000000000582,0.07734798778968174,12,green,BTCUSDT
2024-12-31,08:00:00,92860.7,92916.44,92839.4,92891.88,31.180000000007567,0.033577175274370714,77.04000000000815,0.08296297572601559,17,green,BTCUSDT
2024-12-31,07:55:00,92900.87,92911.92,92836.69,92860.7,-40.169999999998254,-0.04323963812179397,75.22999999999593,0.0809787895420096,30,red,BTCUSDT
2024-12-31,07:50:00,92909.05,92913.72,92866.41,92900.87,-8.180000000007567,-0.008804309160418244,47.30999999999767,0.05092076606100016,21,red,BTCUSDT
2024-12-31,07:45:00,92837.38,92909.05,92786.78,92909.05,71.66999999999825,0.07719950735360935,122.27000000000407,0.13170341515454667,24,green,BTCUSDT
2024-12-31,07:40:00,92819.9,92875.12,92819.84,92837.38,17.480000000010477,0.018832168532836688,55.279999999998836,0.05955619430746945,16,green,BTCUSDT
2024-12-31,07:35:00,92853.66,92878.26,92772.91,92819.9,-33.76000000000931,-0.03635828679236695,105.34999999999127,0.11345810170540532,27,red,BTCUSDT
2024-12-31,07:30:00,92854.13,92897.03,92827.17,92853.66,-0.47000000000116415,-0.0005061702694335342,69.86000000000058,0.07523628728199874,19,red,BTCUSDT
2024-12-31,07:25:00,92884.53,92897.5,92849.01,92854.13,-30.39999999999418,-0.03272880855401236,48.49000000000524,0.05220460285475444,27,red,BTCUSDT
2024-12-31,07:20:00,92863.08,92890.37,92811.38,92884.53,21.44999999999709,0.023098523115965018,78.98999999999069,0.0850607151948769,22,green,BTCUSDT
2024-12-31,07:15:00,92853.43,92896.8,92797.62,92863.08,9.650000000008731,0.0103927232413587,99.18000000000757,0.10681350166602092,27,green,BTCUSDT
2024-12-31,07:10:00,92848.13,92891.0,92822.68,92853.43,5.2999999999883585,0.005708246358853278,68.32000000000698,0.07358252664863253,19,green,BTCUSDT
2024-12-31,07:05:00,92852.78,92854.64,92784.47,92848.13,-4.649999999994179,-0.005007927603238351,70.16999999999825,0.07557124299347662,40,red,BTCUSDT
2024-12-31,07:00:00,92822.98,92906.37,92765.03,92852.78,29.80000000000291,0.03210411904466212,141.3399999999965,0.15226832838161036,43,green,BTCUSDT
2024-12-31,06:55:00,92809.78,92824.54,92759.6,92822.98,13.19999999999709,0.014222639036529436,64.93999999998778,0.06997107416910996,14,green,BTCUSDT
2024-12-31,06:50:00,92789.28,92849.16,92767.01,92809.78,20.5,0.022093069371806745,82.15000000000873,0.08853393409239595,20,green,BTCUSDT
2024-12-31,06:45:00,92705.8,92811.76,92652.99,92789.28,83.47999999999593,0.09004830334239705,158.76999999998952,0.1712622079740313,32,green,BTCUSDT
2024-12-31,06:40:00,92696.54,92726.84,92616.2,92705.8,9.260000000009313,0.009989585371804938,110.63999999999942,0.11935720578135864,39,green,BTCUSDT
2024-12-31,06:35:00,92755.76,92779.42,92696.53,92696.54,-59.220000000001164,-0.06384509166870195,82.88999999999942,0.08936372253324151,30,red,BTCUSDT
2024-12-31,06:30:00,92804.18,92841.9,92755.75,92755.76,-48.419999999998254,-0.05217437404220183,86.14999999999418,0.09282987037867711,41,red,BTCUSDT
2024-12-31,06:25:00,92786.77,92818.86,92766.06,92804.18,17.40999999998894,0.01876345086695974,52.80000000000291,0.056904664317987255,19,green,BTCUSDT
2024-12-31,06:20:00,92894.06,92916.22,92783.72,92786.77,-107.2899999999936,-0.11549715880648731,132.5,0.1426356001664692,56,red,BTCUSDT
2024-12-31,06:15:00,92830.12,92894.99,92783.71,92894.06,63.94000000000233,0.06887850624345021,111.27999999999884,0.1198748854358896,50,green,BTCUSDT
2024-12-31,06:10:00,92895.83,93039.51,92829.59,92830.12,-65.7100000000064,-0.07073514494677145,209.91999999999825,0.22597354477590464,76,red,BTCUSDT
2024-12-31,06:05:00,92672.1,92895.83,92662.11,92895.83,223.72999999999593,0.24142109653282479,233.72000000000116,0.2522010400109646,28,green,BTCUSDT
2024-12-31,06:00:00,92598.62,92705.16,92563.78,92672.1,73.48000000001048,0.0793532344218634,141.38000000000466,0.15268046111270844,26,green,BTCUSDT
2024-12-31,05:55:00,92652.69,92655.64,92561.25,92598.62,-54.070000000006985,-0.05835772280330661,94.38999999999942,0.10187507777701804,22,red,BTCUSDT
2024-12-31,05:50:00,92649.28,92704.71,92594.93,92652.69,3.4100000000034925,0.0036805466809925478,109.78000000001339,0.11848985766539512,33,green,BTCUSDT
2024-12-31,05:45:00,92685.74,92754.28,92617.4,92649.28,-36.4600000000064,-0.039337227064278064,136.88000000000466,0.14768183325720294,35,red,BTCUSDT
2024-12-31,05:40:00,92697.18,92741.53,92671.38,92685.74,-11.439999999987776,-0.012341260003797072,70.14999999999418,0.0756765200408407,25,red,BTCUSDT
2024-12-31,05:35:00,92671.79,92717.89,92616.4,92697.18,25.389999999999418,0.027397765814170007,101.49000000000524,0.10951552786452624,27,green,BTCUSDT
2024-12-31,05:30:00,92595.11,92671.79,92535.1,92671.79,76.67999999999302,0.08281214850329895,136.68999999998778,0.14762118647516892,39,green,BTCUSDT
2024-12-31,05:25:00,92617.79,92652.61,92571.79,92595.11,-22.679999999993015,-0.02448773610339117,80.82000000000698,0.08726185325735691,32,red,BTCUSDT
2024-12-31,05:20:00,92412.75,92719.73,92399.65,92617.79,205.0399999999936,0.22187414615406814,320.08000000000175,0.3463591333446973,41,green,BTCUSDT
2024-12-31,05:15:00,92500.71,92512.95,92351.01,92412.75,-87.9600000000064,-0.09509116200297965,161.94000000000233,0.1750689264979721,24,red,BTCUSDT
2024-12-31,05:10:00,92546.1,92561.32,92483.96,92500.71,-45.38999999999942,-0.04904582689059767,77.36000000000058,0.0835907725987379,16,red,BTCUSDT
2024-12-31,05:05:00,92539.22,92573.75,92501.72,92546.1,6.880000000004657,0.007434685531177653,72.02999999999884,0.07783726726894698,19,green,BTCUSDT
2024-12-31,05:00:00,92452.66,92543.85,92441.2,92539.22,86.55999999999767,0.09362629479778913,102.65000000000873,0.11102979622220575,27,green,BTCUSDT
2024-12-31,04:55:00,92472.98,92484.77,92383.15,92452.66,-20.319999999992433,-0.021973986347138843,101.6200000000099,0.1098915596750639,32,red,BTCUSDT
2024-12-31,04:50:00,92406.69,92472.98,92373.98,92472.98,66.2899999999936,0.07173723028061453,99.0,0.10713510028332364,33,green,BTCUSDT
2024-12-31,04:45:00,92551.0,92555.49,92356.85,92406.69,-144.30999999999767,-0.15592484143877178,198.63999999999942,0.214627610722736,35,red,BTCUSDT
2024-12-31,04:40:00,92665.57,92673.12,92551.0,92551.0,-114.57000000000698,-0.12363815384722392,122.11999999999534,0.13178573228438065,33,red,BTCUSDT
2024-12-31,04:35:00,92660.75,92731.4,92641.9,92665.57,4.820000000006985,0.005201770976391822,89.5,0.09658890091004012,18,green,BTCUSDT
2024-12-31,04:30:00,92597.1,92709.28,92573.52,92660.75,63.64999999999418,0.06873865380232662,135.75999999999476,0.14661366284688696,24,green,BTCUSDT
2024-12-31,04:25:00,92581.55,92641.0,92566.77,92597.1,15.55000000000291,0.016796003091331814,74.22999999999593,0.08017796202374655,13,green,BTCUSDT
2024-12-31,04:20:00,92566.74,92624.6,92565.72,92581.55,14.809999999997672,0.015999267123372466,58.88000000000466,0.06360815990711637,25,green,BTCUSDT
2024-12-31,04:15:00,92643.52,92688.87,92489.16,92566.74,-76.77999999999884,-0.08287681642493595,199.70999999999185,0.21556823402218722,34,red,BTCUSDT
2024-12-31,04:10:00,92662.78,92822.59,92641.89,92643.52,-19.25999999999476,-0.020785044437469674,180.6999999999971,0.19500817912002757,43,red,BTCUSDT
2024-12-31,04:05:00,92644.57,92708.11,92602.99,92662.78,18.20999999999185,0.019655766117746405,105.11999999999534,0.11346590523329682,30,green,BTCUSDT
2024-12-31,04:00:00,92509.19,92650.1,92498.68,92644.57,135.38000000000466,0.14634221745969742,151.4200000000128,0.16368103536525702,34,green,BTCUSDT
2024-12-31,03:55:00,92521.49,92569.23,92483.62,92509.19,-12.30000000000291,-0.013294208729239997,85.61000000000058,0.09252985441544508,20,red,BTCUSDT
2024-12-31,03:50:00,92501.47,92584.83,92474.77,92521.49,20.020000000004075,0.0216428992966318,110.05999999999767,0.11898189293640163,48,green,BTCUSDT
2024-12-31,03:45:00,92443.24,92534.41,92352.62,92501.47,58.229999999995925,0.06299000337936654,181.79000000000815,0.19665039866626066,41,green,BTCUSDT
2024-12-31,03:40:00,92505.62,92538.99,92407.67,92443.24,-62.379999999990105,-0.06743374078244123,131.32000000000698,0.14195894260262998,30,red,BTCUSDT
2024-12-31,03:35:00,92560.95,92569.22,92476.31,92505.62,-55.330000000001746,-0.059776828133248146,92.91000000000349,0.10037710287113895,28,red,BTCUSDT
2024-12-31,03:30:00,92543.33,92629.61,92511.0,92560.95,17.619999999995343,0.019039729821690384,118.61000000000058,0.1281669894524009,39,green,BTCUSDT
2024-12-31,03:25:00,92621.25,92650.62,92512.4,92543.33,-77.91999999999825,-0.08412756251939836,138.22000000000116,0.1492314128777156,39,red,BTCUSDT
2024-12-31,03:20:00,92342.23,92621.25,92336.7,92621.25,279.0200000000041,0.3021586115041884,284.5500000000029,0.3081472041556749,50,green,BTCUSDT
2024-12-31,03:15:00,92332.67,92400.28,92281.31,92342.23,9.559999999997672,0.010353864997078143,118.97000000000116,0.12884930111952916,30,green,BTCUSDT
2024-12-31,03:10:00,92325.61,92388.57,92301.31,92332.67,7.059999999997672,0.007646849016213022,87.26000000000931,0.09451332084349003,21,green,BTCUSDT
2024-12-31,03:05:00,92319.95,92410.29,92239.41,92325.61,5.6600000000034925,0.006130852540543504,170.8799999999901,0.18509542087055952,35,green,BTCUSDT
2024-12-31,03:00:00,92463.32,92512.87,92300.9,92319.95,-143.3700000000099,-0.1550560806166271,211.97000000000116,0.22924766274886207,40,red,BTCUSDT
2024-12-31,02:55:00,92516.43,92548.99,92458.66,92463.32,-53.10999999998603,-0.057406019665897215,90.33000000000175,0.09763671166300057,25,red,BTCUSDT
2024-12-31,02:50:00,92522.48,92590.99,92485.81,92516.43,-6.05000000000291,-0.006538951398625405,105.18000000000757,0.11368048067886591,20,red,BTCUSDT
2024-12-31,02:45:00,92507.15,92615.21,92478.08,92522.48,15.330000000001746,0.01657169202596961,137.13000000000466,0.14823719031448343,41,green,BTCUSDT
2024-12-31,02:40:00,92563.93,92601.15,92476.0,92507.15,-56.779999999998836,-0.06134138859488663,125.14999999999418,0.13520385316396374,27,red,BTCUSDT
2024-12-31,02:35:00,92639.58,92669.6,92496.4,92563.93,-75.65000000000873,-0.08166056020548532,173.20000000001164,0.18696112396020323,29,red,BTCUSDT
2024-12-31,02:30:00,92587.01,92706.88,92584.53,92639.58,52.570000000006985,0.056779023320881604,122.35000000000582,0.13214596734466943,30,green,BTCUSDT
2024-12-31,02:25:00,92494.75,92612.73,92465.26,92587.01,92.25999999999476,0.0997462018114485,147.47000000000116,0.15943607610161784,26,green,BTCUSDT
2024-12-31,02:20:00,92510.03,92548.3,92414.32,92494.75,-15.279999999998836,-0.016517127926559787,133.97999999999593,0.14482753924087577,42,red,BTCUSDT
2024-12-31,02:15:00,92487.12,92595.12,92482.33,92510.03,22.910000000003492,0.024771016764284035,112.7899999999936,0.12195211614330038,45,green,BTCUSDT
2024-12-31,02:10:00,92295.62,92534.77,92295.62,92487.12,191.5,0.2074854689745841,239.15000000000873,0.2591130543356323,49,green,BTCUSDT
2024-12-31,02:05:00,92498.25,92513.35,92292.39,92295.62,-202.63000000000466,-0.21906360390602486,220.9600000000064,0.23888019503072372,36,red,BTCUSDT
2024-12-31,02:00:00,92439.26,92581.76,92361.59,92498.25,58.99000000000524,0.06381487692567557,220.16999999999825,0.23817802089717968,38,green,BTCUSDT
2024-12-31,01:55:00,92450.13,92475.32,92365.73,92439.26,-10.870000000009895,-0.011757690335329864,109.59000000001106,0.1185395845306124,27,red,BTCUSDT
2024-12-31,01:50:00,92498.46,92547.08,92436.5,92450.13,-48.330000000001746,-0.05224951853252664,110.58000000000175,0.11954793625753525,48,red,BTCUSDT
2024-12-31,01:45:00,92458.68,92550.0,92398.0,92498.46,39.78000000001339,0.04302462462152108,152.0,0.16439776124859234,43,green,BTCUSDT
2024-12-31,01:40:00,92335.38,92478.89,92292.62,92458.68,123.29999999998836,0.1335349461928768,186.27000000000407,0.20173199048945709,40,green,BTCUSDT
2024-12-31,01:35:00,92195.55,92408.76,92195.55,92335.38,139.83000000000175,0.15166675615038008,213.20999999999185,0.231258450109568,51,green,BTCUSDT
2024-12-31,01:30:00,92150.36,92273.01,92032.52,92195.55,45.19000000000233,0.049039417751598945,240.4899999999907,0.26097564892854536,90,green,BTCUSDT
2024-12-31,01:25:00,92255.15,92320.05,92075.22,92150.36,-104.7899999999936,-0.11358715475503928,244.83000000000175,0.26538355853304857,67,red,BTCUSDT
2024-12-31,01:20:00,92236.21,92400.99,92209.62,92255.15,18.939999999987776,0.02053423487368765,191.3700000000099,0.20747816936538252,47,green,BTCUSDT
2024-12-31,01:15:00,92309.0,92383.83,92180.82,92236.21,-72.7899999999936,-0.07885471622484655,203.00999999999476,0.2199243844045486,53,red,BTCUSDT
2024-12-31,01:10:00,92363.03,92397.69,92241.82,92309.0,-54.029999999998836,-0.05849743127742652,155.86999999999534,0.1687579976533851,64,red,BTCUSDT
2024-12-31,01:05:00,92522.0,92549.73,92347.95,92363.03,-158.97000000000116,-0.17181859449644535,201.77999999999884,0.21808867080261868,92,red,BTCUSDT
2024-12-31,01:00:00,92453.41,92579.2,92411.09,92522.0,68.58999999999651,0.07418871840421733,168.11000000000058,0.1818321249589394,51,green,BTCUSDT
2024-12-31,00:55:00,92530.84,92545.89,92380.68,92453.41,-77.42999999999302,-0.08368020867420313,165.2100000000064,0.17854587724482604,65,red,BTCUSDT
2024-12-31,00:50:00,92689.59,92714.24,92499.4,92530.84,-158.75,-0.1712705817341516,214.84000000001106,0.23178438916388677,62,red,BTCUSDT
2024-12-31,00:45:00,92671.21,92867.34,92666.0,92689.59,18.379999999990105,0.019833559958902125,201.3399999999965,0.2172627291690661,53,green,BTCUSDT
2024-12-31,00:40:00,92526.79,92778.12,92516.29,92671.21,144.4200000000128,0.15608452427671252,261.83000000000175,0.2829775030561438,37,green,BTCUSDT
2024-12-31,00:35:00,92419.39,92575.27,92339.93,92526.79,107.39999999999418,0.11620937987146872,235.34000000001106,0.2546435331373763,46,green,BTCUSDT
2024-12-31,00:30:00,92568.95,92580.83,92406.11,92419.39,-149.55999999999767,-0.1615660542762964,174.72000000000116,0.18874579435113087,35,red,BTCUSDT
2024-12-31,00:25:00,92585.55,92638.07,92499.06,92568.95,-16.60000000000582,-0.01792936370740987,139.0100000000093,0.15014221981724934,36,red,BTCUSDT
2024-12-31,00:20:00,92680.88,92747.78,92573.39,92585.55,-95.33000000000175,-0.10285832417646631,174.38999999999942,0.18816178698346347,45,red,BTCUSDT
2024-12-31,00:15:00,92820.76,92828.2,92651.01,92680.88,-139.8799999999901,-0.15069904620473923,177.19000000000233,0.19089479551772937,40,red,BTCUSDT
2024-12-31,00:10:00,92864.45,92875.53,92701.01,92820.76,-43.69000000000233,-0.04704706698850026,174.52000000000407,0.18792982675286837,55,red,BTCUSDT
2024-12-31,00:05:00,92775.47,92900.99,92733.73,92864.45,88.97999999999593,0.09590897249024545,167.2600000000093,0.18028472396853318,49,green,BTCUSDT
2024-12-31,00:00:00,92789.06,92847.18,92703.14,92775.47,-13.589999999996508,-0.014646123152876545,144.0399999999936,0.15523381743493642,54,red,BTCUSDT
2024-12-30,23:55:00,92775.24,92895.11,92775.24,92789.06,13.819999999992433,0.014896215843788096,119.86999999999534,0.12920473177972414,31,green,BTCUSDT
2024-12-30,23:50:00,92723.08,92808.87,92714.35,92775.24,52.16000000000349,0.056253523933850656,94.51999999998952,0.10193794252735082,32,green,BTCUSDT
2024-12-30,23:45:00,92752.22,92758.79,92600.3,92723.08,-29.139999999999418,-0.031417037780874055,158.4899999999907,0.1708746162625441,39,red,BTCUSDT
2024-12-30,23:40:00,92652.9,92815.83,92645.51,92752.22,99.32000000000698,0.10719578124376787,170.32000000000698,0.18382587053401137,47,green,BTCUSDT
2024-12-30,23:35:00,92743.58,92748.01,92582.73,92652.9,-90.68000000000757,-0.09777496188955351,165.27999999999884,0.17821179643917007,48,red,BTCUSDT
2024-12-30,23:30:00,92680.89,92807.06,92675.34,92743.58,62.69000000000233,0.06764069701963622,131.72000000000116,0.1421220706879284,52,green,BTCUSDT
2024-12-30,23:25:00,92554.53,92680.89,92553.1,92680.89,126.36000000000058,0.13652492211888556,127.7899999999936,0.13806995724573784,41,green,BTCUSDT
2024-12-30,23:20:00,92508.46,92644.65,92497.58,92554.53,46.06999999999243,0.04980085064651647,147.06999999999243,0.15898005436474938,46,green,BTCUSDT
2024-12-30,23:15:00,92517.0,92541.54,92378.51,92508.46,-8.539999999993597,-0.009230735972841313,163.02999999999884,0.1762162629570769,35,red,BTCUSDT
2024-12-30,23:10:00,92455.97,92587.64,92435.64,92517.0,61.029999999998836,0.06600979904272146,152.0,0.16440257995238167,35,green,BTCUSDT
2024-12-30,23:05:00,92584.97,92607.52,92435.64,92455.97,-129.0,-0.13933147032396292,171.88000000000466,0.18564568309522017,52,red,BTCUSDT
2024-12-30,23:00:00,92796.18,92796.18,92518.58,92584.97,-211.20999999999185,-0.22760635189939057,277.59999999999127,0.2991502451932733,46,red,BTCUSDT
2024-12-30,22:55:00,92803.32,92966.25,92726.02,92796.18,-7.14000000001397,-0.007693690268854572,240.22999999999593,0.2588592735690877,34,red,BTCUSDT
2024-12-30,22:50:00,92700.38,92862.03,92698.75,92803.32,102.94000000000233,0.11104593098755616,163.27999999999884,0.17613735779723755,25,green,BTCUSDT
2024-12-30,22:45:00,92879.05,92879.05,92700.38,92700.38,-178.66999999999825,-0.1923684619943876,178.66999999999825,0.1923684619943876,26,red,BTCUSDT
2024-12-30,22:40:00,92851.0,93027.89,92851.0,92879.05,28.05000000000291,0.03020969079493265,176.88999999999942,0.19050952601479726,45,green,BTCUSDT
2024-12-30,22:35:00,92779.61,92970.74,92713.0,92851.0,71.38999999999942,0.07694578582513918,257.74000000000524,0.27779810671763466,43,green,BTCUSDT
2024-12-30,22:30:00,92598.53,92936.36,92598.53,92779.61,181.08000000000175,0.19555386030426372,337.83000000000175,0.3648330054483605,59,green,BTCUSDT
2024-12-30,22:25:00,92603.92,92650.81,92449.29,92598.53,-5.389999999999418,-0.005820487944786158,201.52000000000407,0.21761497785407363,57,red,BTCUSDT
2024-12-30,22:20:00,92570.32,92612.72,92292.5,92603.92,33.59999999999127,0.036296730960842814,320.22000000000116,0.34592080917512347,37,green,BTCUSDT
2024-12-30,22:15:00,92568.79,92775.65,92529.54,92570.32,1.5300000000133878,0.0016528248884028708,246.11000000000058,0.26586714593547195,67,green,BTCUSDT
2024-12-30,22:10:00,92465.1,92650.27,92421.72,92568.79,103.68999999998778,0.11213960726802628,228.5500000000029,0.24717433929126006,55,green,BTCUSDT
2024-12-30,22:05:00,92158.59,92483.05,92102.49,92465.1,306.5100000000093,0.33258972386622815,380.5599999999977,0.41294034554998904,95,green,BTCUSDT
2024-12-30,22:00:00,92076.87,92225.99,91929.95,92158.59,81.72000000000116,0.08875193085951029,296.04000000000815,0.32151396979502905,111,green,BTCUSDT
2024-12-30,21:55:00,91938.8,92325.74,91900.0,92076.87,138.06999999999243,0.15017598663457912,425.74000000000524,0.46306891105823134,154,green,BTCUSDT
2024-12-30,21:50:00,92339.61,92425.52,91900.17,91938.8,-400.8099999999977,-0.43406074597888994,525.3500000000058,0.5689324440508313,242,red,BTCUSDT
2024-12-30,21:45:00,92664.3,92726.36,92302.05,92339.61,-324.6900000000023,-0.3503938409937833,424.3099999999977,0.45790018378166963,239,red,BTCUSDT
2024-12-30,21:40:00,93237.77,93237.77,92102.5,92664.3,-573.4700000000012,-0.6150619003436066,1135.270000000004,1.2176074138195325,489,red,BTCUSDT
2024-12-30,21:35:00,93759.51,93761.68,93227.0,93237.77,-521.7399999999907,-0.5564662187334284,534.679999999993,0.5702674853996069,116,red,BTCUSDT
2024-12-30,21:30:00,93930.66,93930.99,93608.0,93759.51,-171.15000000000873,-0.18220887620720297,322.99000000000524,0.34386003462554743,158,red,BTCUSDT
2024-12-30,21:25:00,93918.83,93972.02,93827.0,93930.66,11.830000000001746,0.012595983148429071,145.02000000000407,0.1544099303622118,42,green,BTCUSDT
2024-12-30,21:20:00,94174.23,94188.35,93918.83,93918.83,-255.39999999999418,-0.27119945658169353,269.5200000000041,0.28619294259162414,85,red,BTCUSDT
2024-12-30,21:15:00,94144.2,94295.32,94144.2,94174.23,30.029999999998836,0.03189787581178536,151.1200000000099,0.16051971337587434,53,green,BTCUSDT
2024-12-30,21:10:00,94089.28,94174.46,93986.61,94144.2,54.919999999998254,0.05837009274595178,187.85000000000582,0.19965079975105116,65,green,BTCUSDT
2024-12-30,21:05:00,94218.74,94218.74,94041.64,94089.28,-129.4600000000064,-0.1374036630080241,177.10000000000582,0.18796685245419947,73,red,BTCUSDT
2024-12-30,21:00:00,94345.12,94385.7,94209.11,94218.74,-126.3799999999901,-0.13395499417456896,176.5899999999965,0.18717449296794209,59,red,BTCUSDT
2024-12-30,20:55:00,94510.85,94622.37,94292.75,94345.12,-165.73000000001048,-0.1753555279632026,329.61999999999534,0.3487641895083954,106,red,BTCUSDT
2024-12-30,20:50:00,94546.38,94642.49,94487.62,94510.85,-35.529999999998836,-0.037579439847404875,154.8700000000099,0.16380320431095288,90,red,BTCUSDT
2024-12-30,20:45:00,94451.54,94600.98,94392.74,94546.38,94.84000000001106,0.1004112796890459,208.2399999999907,0.220472847769333,53,green,BTCUSDT
2024-12-30,20:40:00,94379.64,94547.86,94347.46,94451.54,71.89999999999418,0.07618168494814578,200.39999999999418,0.21233393134366074,57,green,BTCUSDT
2024-12-30,20:35:00,94557.14,94592.1,94322.9,94379.64,-177.5,-0.187717183493494,269.20000000001164,0.2846955819518353,59,red,BTCUSDT
2024-12-30,20:30:00,94640.39,94723.59,94506.09,94557.14,-83.25,-0.08796455720438176,217.5,0.22981731161505148,124,red,BTCUSDT
2024-12-30,20:25:00,94981.03,94983.13,94594.06,94640.39,-340.6399999999994,-0.35864003580504383,389.070000000007,0.4096291648974611,90,red,BTCUSDT
2024-12-30,20:20:00,94952.76,95017.22,94793.5,94981.03,28.270000000004075,0.02977269960347027,223.72000000000116,0.23561189795852291,139,green,BTCUSDT
2024-12-30,20:15:00,94765.89,94966.34,94726.85,94952.76,186.86999999999534,0.19719120455682454,239.4899999999907,0.25271751259866887,105,green,BTCUSDT
2024-12-30,20:10:00,94464.18,94796.89,94462.03,94765.89,301.7100000000064,0.3193909056321734,334.8600000000006,0.3544835725033559,129,green,BTCUSDT
2024-12-30,20:05:00,94511.34,94576.65,94413.15,94464.18,-47.16000000000349,-0.049898774051879376,163.5,0.17299511360224076,89,red,BTCUSDT
2024-12-30,20:00:00,94428.21,94587.88,94404.44,94511.34,83.1299999999901,0.08803513272145062,183.44000000000233,0.19426398107091336,92,green,BTCUSDT
2024-12-30,19:55:00,94350.28,94457.13,94255.06,94428.21,77.93000000000757,0.08259646924207067,202.07000000000698,0.21417000564280994,97,green,BTCUSDT
2024-12-30,19:50:00,94333.3,94399.99,94288.04,94350.28,16.979999999995925,0.018000006360421955,111.95000000001164,0.11867495359540231,77,green,BTCUSDT
2024-12-30,19:45:00,94262.6,94394.13,94246.01,94333.3,70.69999999999709,0.07500323564170422,148.1200000000099,0.15713549170085472,85,green,BTCUSDT
2024-12-30,19:40:00,94364.46,94399.0,94242.32,94262.6,-101.86000000000058,-0.10794318115103989,156.67999999999302,0.16603708642002826,82,red,BTCUSDT
2024-12-30,19:35:00,94272.7,94374.9,94249.23,94364.46,91.76000000000931,0.09733464725207756,125.66999999999825,0.13330476373329528,96,green,BTCUSDT
2024-12-30,19:30:00,94149.74,94324.83,94147.27,94272.7,122.95999999999185,0.13060046687329338,177.55999999999767,0.1885931920789135,88,green,BTCUSDT
2024-12-30,19:25:00,93987.17,94332.7,93968.98,94149.74,162.57000000000698,0.1729704171324735,363.72000000000116,0.38698899009301074,80,green,BTCUSDT
2024-12-30,19:20:00,94161.7,94217.37,93920.79,93987.17,-174.52999999999884,-0.18535136897485796,296.58000000000175,0.3149688249043951,86,red,BTCUSDT
2024-12-30,19:15:00,94341.47,94419.3,94161.7,94161.7,-179.77000000000407,-0.19055246860156416,257.6000000000058,0.27305065312211674,90,red,BTCUSDT
2024-12-30,19:10:00,94461.3,94508.95,94269.01,94341.47,-119.83000000000175,-0.12685618343173527,239.94000000000233,0.25400878454986575,117,red,BTCUSDT
2024-12-30,19:05:00,94505.63,94623.55,94281.0,94461.3,-44.330000000001746,-0.04690725832947915,342.5500000000029,0.3624651780005095,86,red,BTCUSDT
2024-12-30,19:00:00,94593.07,94618.45,94472.83,94505.63,-87.44000000000233,-0.09243806126601274,145.61999999999534,0.15394362398851769,94,red,BTCUSDT
2024-12-30,18:55:00,94605.43,94681.0,94495.38,94593.07,-12.35999999998603,-0.013064789198660194,185.61999999999534,0.19620438277168167,94,red,BTCUSDT
2024-12-30,18:50:00,94426.21,94619.54,94426.21,94605.43,179.2199999999866,0.18979899754526483,193.3299999999872,0.2047418825768684,127,green,BTCUSDT
2024-12-30,18:45:00,94372.66,94566.84,94366.96,94426.21,53.55000000000291,0.0567431287832757,199.8799999999901,0.21179862896731966,86,green,BTCUSDT
2024-12-30,18:40:00,94415.67,94440.19,94217.09,94372.66,-43.00999999999476,-0.04555387892708357,223.10000000000582,0.23629552170736684,99,red,BTCUSDT
2024-12-30,18:35:00,94420.26,94484.49,94286.72,94415.67,-4.5899999999965075,-0.0048612448218173804,197.77000000000407,0.2094571652312799,108,red,BTCUSDT
2024-12-30,18:30:00,94357.48,94501.9,94304.01,94420.26,62.779999999998836,0.06653420587323744,197.88999999999942,0.20972370181992928,75,green,BTCUSDT
2024-12-30,18:25:00,94504.56,94634.09,94316.87,94357.48,-147.08000000000175,-0.15563270174476423,317.22000000000116,0.33566634244950844,109,red,BTCUSDT
2024-12-30,18:20:00,94493.81,94688.82,94472.83,94504.56,10.75,0.011376406560387395,215.99000000000524,0.22857581888168682,132,green,BTCUSDT
2024-12-30,18:15:00,94424.54,94608.11,94296.77,94493.81,69.27000000000407,0.0733601667532657,311.3399999999965,0.32972360786718846,155,green,BTCUSDT
2024-12-30,18:10:00,94120.29,94612.37,94050.64,94424.54,304.25,0.32325654755207406,561.7299999999959,0.5968213655100254,200,green,BTCUSDT
2024-12-30,18:05:00,93737.58,94126.03,93563.97,94120.29,382.70999999999185,0.40827808868117976,562.0599999999977,0.5996101030131114,97,green,BTCUSDT
2024-12-30,18:00:00,93826.91,93909.85,93659.45,93737.58,-89.33000000000175,-0.09520722786245624,250.40000000000873,0.26687439669494467,87,red,BTCUSDT
2024-12-30,17:55:00,93802.87,93929.61,93576.27,93826.91,24.04000000000815,0.025628213720974794,353.3399999999965,0.3766835705559931,111,green,BTCUSDT
2024-12-30,17:50:00,93914.14,94044.18,93776.64,93802.87,-111.27000000000407,-0.11848056107419402,267.5399999999936,0.28487722935012083,173,red,BTCUSDT
2024-12-30,17:45:00,93963.59,94200.0,93777.57,93914.14,-49.44999999999709,-0.052626767453220015,422.429999999993,0.44956775278593875,190,red,BTCUSDT
2024-12-30,17:40:00,93248.4,94018.59,93089.68,93963.59,715.1900000000023,0.7669729453802986,928.9100000000035,0.9961672264617983,246,green,BTCUSDT
2024-12-30,17:35:00,92948.18,93268.03,92830.89,93248.4,300.22000000000116,0.32299717971885106,437.1399999999994,0.47030506675870304,136,green,BTCUSDT
2024-12-30,17:30:00,92531.2,92987.57,92456.85,92948.18,416.9799999999959,0.4506371904827733,530.7200000000012,0.5735578918245967,149,green,BTCUSDT
2024-12-30,17:25:00,92344.27,92573.0,92332.3,92531.2,186.92999999999302,0.2024272865008224,240.6999999999971,0.26065504659898997,137,green,BTCUSDT
2024-12-30,17:20:00,92184.65,92511.4,92167.94,92344.27,159.6200000000099,0.17315247169676287,343.45999999999185,0.37257829801381454,99,green,BTCUSDT
2024-12-30,17:15:00,92123.05,92218.99,92101.03,92184.65,61.59999999999127,0.06686708701024474,117.9600000000064,0.12804612960600675,115,green,BTCUSDT
2024-12-30,17:10:00,92020.62,92229.11,92020.62,92123.05,102.43000000000757,0.11131200811297247,208.49000000000524,0.22656878425727328,82,green,BTCUSDT
2024-12-30,17:05:00,92186.09,92186.09,91964.32,92020.62,-165.47000000000116,-0.17949562672633276,221.76999999998952,0.24056774725990607,96,red,BTCUSDT
2024-12-30,17:00:00,92105.47,92341.51,92098.5,92186.09,80.61999999999534,0.08753008914670904,243.00999999999476,0.2638388360647796,128,green,BTCUSDT
2024-12-30,16:55:00,92052.23,92170.52,92051.51,92105.47,53.24000000000524,0.05783673029974965,119.01000000000931,0.12928529813999,123,green,BTCUSDT
2024-12-30,16:50:00,91911.83,92082.61,91900.0,92052.23,140.39999999999418,0.1527550914827767,182.61000000000058,0.19867953885805623,137,green,BTCUSDT
2024-12-30,16:45:00,92164.12,92188.09,91900.0,91911.83,-252.2899999999936,-0.27373993263321306,288.0899999999965,0.3125836822398961,95,red,BTCUSDT
2024-12-30,16:40:00,91988.25,92190.21,91951.01,92164.12,175.86999999999534,0.1911874614420813,239.20000000001164,0.26003321076334385,109,green,BTCUSDT
2024-12-30,16:35:00,91918.31,92051.63,91900.0,91988.25,69.94000000000233,0.07608930146779497,151.63000000000466,0.16496169261598115,149,green,BTCUSDT
2024-12-30,16:30:00,91985.87,92088.73,91900.0,91918.31,-67.55999999999767,-0.07344606296597257,188.72999999999593,0.20517281621622532,121,red,BTCUSDT
2024-12-30,16:25:00,91830.82,92012.74,91796.27,91985.87,155.04999999998836,0.16884309646803583,216.47000000000116,0.23572695964165533,86,green,BTCUSDT
2024-12-30,16:20:00,92211.02,92225.12,91812.35,91830.82,-380.1999999999971,-0.41231514411183945,412.7699999999895,0.44763630203850857,76,red,BTCUSDT
2024-12-30,16:15:00,92015.41,92217.99,91929.55,92211.02,195.61000000000058,0.21258395740452665,288.4400000000023,0.3134692330339041,86,green,BTCUSDT
2024-12-30,16:10:00,92040.24,92064.99,91906.02,92015.41,-24.830000000001746,-0.02697733078488468,158.97000000000116,0.17271793293889842,105,red,BTCUSDT
2024-12-30,16:05:00,92053.28,92226.45,91947.38,92040.24,-13.039999999993597,-0.014165709250114279,279.06999999999243,0.30316138653613695,122,red,BTCUSDT
2024-12-30,16:00:00,92121.0,92121.0,91908.18,92053.28,-67.72000000000116,-0.07351201137634325,212.82000000000698,0.23102224248543438,130,red,BTCUSDT
2024-12-30,15:55:00,92005.35,92194.04,91952.91,92121.0,115.64999999999418,0.12569921205668383,241.1299999999901,0.2620825854148591,105,green,BTCUSDT
2024-12-30,15:50:00,92077.13,92136.92,91916.57,92005.35,-71.77999999999884,-0.07795638287161952,220.34999999999127,0.23931023914406463,154,red,BTCUSDT
2024-12-30,15:45:00,92168.27,92457.49,91907.57,92077.13,-91.13999999999942,-0.09888435575496797,549.9199999999983,0.5966478485491788,159,red,BTCUSDT
2024-12-30,15:40:00,91983.97,92217.52,91966.93,92168.27,184.3000000000029,0.20036099768253415,250.59000000001106,0.27242790238343817,149,green,BTCUSDT
2024-12-30,15:35:00,91784.29,92008.11,91629.14,91983.97,199.68000000000757,0.21755357044218304,378.97000000000116,0.41289201016862603,141,green,BTCUSDT
2024-12-30,15:30:00,91677.81,91820.07,91633.21,91784.29,106.47999999999593,0.1161458808843666,186.86000000000058,0.20382249532356914,144,green,BTCUSDT
2024-12-30,15:25:00,91602.29,91799.44,91514.06,91677.81,75.52000000000407,0.08244335376332194,285.38000000000466,0.31154242977987195,154,green,BTCUSDT
2024-12-30,15:20:00,91607.35,91724.8,91522.91,91602.29,-5.060000000012224,-0.005523574254699239,201.88999999999942,0.2203862463001052,136,red,BTCUSDT
2024-12-30,15:15:00,91738.03,91850.81,91548.87,91607.35,-130.67999999999302,-0.14244910207903203,301.9400000000023,0.3291328579870337,160,red,BTCUSDT
2024-12-30,15:10:00,91668.7,91898.23,91537.29,91738.03,69.33000000000175,0.0756310496385372,360.9400000000023,0.39374399331505994,201,green,BTCUSDT
2024-12-30,15:05:00,91943.77,91960.07,91643.8,91668.7,-275.070000000007,-0.29917198305008263,316.2700000000041,0.34398197942068726,182,red,BTCUSDT
2024-12-30,15:00:00,91875.17,92254.33,91658.4,91943.77,68.60000000000582,0.07466652850819848,595.9300000000076,0.6486300923307218,287,green,BTCUSDT
2024-12-30,14:55:00,92223.14,92264.66,91814.34,91875.17,-347.97000000000116,-0.37731311252252003,450.320000000007,0.4882939357736106,294,red,BTCUSDT
2024-12-30,14:50:00,92270.68,92425.0,92200.0,92223.14,-47.5399999999936,-0.05152232540173498,225.0,0.24384777482944747,130,red,BTCUSDT
2024-12-30,14:45:00,92469.83,92590.17,92251.73,92270.68,-199.15000000000873,-0.2153675420404782,338.4400000000023,0.3660004565813545,132,red,BTCUSDT
2024-12-30,14:40:00,92353.86,92649.08,92301.98,92469.83,115.97000000000116,0.12557136214988865,347.1000000000058,0.3758370251118966,183,green,BTCUSDT
2024-12-30,14:35:00,92662.33,92692.52,92053.3,92353.86,-308.47000000000116,-0.3328968740587477,639.2200000000012,0.689838038823329,505,red,BTCUSDT
2024-12-30,14:30:00,93089.9,93121.45,92609.07,92662.33,-427.56999999999243,-0.4593086897719221,512.3799999999901,0.5504141695285849,178,red,BTCUSDT
2024-12-30,14:25:00,92953.06,93092.83,92885.13,93089.9,136.8399999999965,0.14721408848723916,207.6999999999971,0.22344611355451569,71,green,BTCUSDT
2024-12-30,14:20:00,92920.31,93065.89,92852.22,92953.06,32.75,0.03524525477799202,213.66999999999825,0.22994972789048837,89,green,BTCUSDT
2024-12-30,14:15:00,92886.52,93015.65,92801.05,92920.31,33.7899999999936,0.036377721977304774,214.59999999999127,0.231034600068978,79,green,BTCUSDT
2024-12-30,14:10:00,92812.18,92897.49,92723.95,92886.52,74.34000000001106,0.08009724585718282,173.54000000000815,0.1869797692501223,98,green,BTCUSDT
2024-12-30,14:05:00,92694.4,92833.62,92651.2,92812.18,117.77999999999884,0.12706269202885917,182.41999999999825,0.19679721752338683,108,green,BTCUSDT
2024-12-30,14:00:00,92667.84,92891.25,92609.08,92694.4,26.55999999999767,0.028661507595297002,282.16999999999825,0.3044961445092475,199,green,BTCUSDT
2024-12-30,13:55:00,92828.9,92917.0,92612.48,92667.84,-161.05999999999767,-0.1735020020704734,304.5200000000041,0.3280443913479575,124,red,BTCUSDT
2024-12-30,13:50:00,92911.52,93026.85,92600.0,92828.9,-82.6200000000099,-0.08892331112440081,426.8500000000058,0.459415581620025,252,red,BTCUSDT
2024-12-30,13:45:00,93141.33,93141.33,92872.57,92911.52,-229.80999999999767,-0.2467325729619683,268.75999999999476,0.28855074326294755,118,red,BTCUSDT
2024-12-30,13:40:00,93042.87,93182.4,93027.68,93141.33,98.4600000000064,0.10582218712729563,154.72000000000116,0.166288937561794,107,green,BTCUSDT
2024-12-30,13:35:00,93255.98,93263.72,93042.87,93042.87,-213.11000000000058,-0.2285215382434463,220.85000000000582,0.23682127408880999,120,red,BTCUSDT
2024-12-30,13:30:00,93306.0,93407.17,93243.4,93255.98,-50.020000000004075,-0.0536085567916362,163.77000000000407,0.17551925921163064,77,red,BTCUSDT
2024-12-30,13:25:00,93279.99,93349.51,93259.54,93306.0,26.00999999999476,0.027883793726816177,89.97000000000116,0.09645155407928449,73,green,BTCUSDT
2024-12-30,13:20:00,93326.2,93427.88,93207.41,93279.99,-46.20999999999185,-0.04951449860809918,220.47000000000116,0.23623591231615682,104,red,BTCUSDT
2024-12-30,13:15:00,93394.45,93475.6,93276.84,93326.2,-68.25,-0.07307714751786643,198.7600000000093,0.21281778521101558,149,red,BTCUSDT
2024-12-30,13:10:00,93638.0,93638.0,93350.11,93394.45,-243.5500000000029,-0.2600973963561833,287.8899999999994,0.3074499668937818,87,red,BTCUSDT
2024-12-30,13:05:00,93701.9,93706.0,93566.85,93638.0,-63.89999999999418,-0.06819498857546558,139.14999999999418,0.1485028585332786,97,red,BTCUSDT
2024-12-30,13:00:00,93759.42,93831.31,93701.89,93701.9,-57.520000000004075,-0.061348502369152964,129.41999999999825,0.13803413033058254,68,red,BTCUSDT
2024-12-30,12:55:00,93779.88,93891.03,93751.01,93759.42,-20.460000000006403,-0.021817046470955604,140.02000000000407,0.1493070795142882,55,red,BTCUSDT
2024-12-30,12:50:00,93911.43,93966.58,93714.71,93779.88,-131.54999999998836,-0.14007879552040509,251.86999999999534,0.26819951522407376,59,red,BTCUSDT
2024-12-30,12:45:00,93871.0,94005.09,93836.93,93911.43,40.429999999993015,0.043069744649564846,168.1600000000035,0.17913945734039638,92,green,BTCUSDT
2024-12-30,12:40:00,93846.7,93950.39,93821.01,93871.0,24.30000000000291,0.025893291932484477,129.38000000000466,0.13786313210800663,84,green,BTCUSDT
2024-12-30,12:35:00,93966.0,93966.0,93783.33,93846.7,-119.30000000000291,-0.12696081561416142,182.66999999999825,0.19440010216461087,95,red,BTCUSDT
2024-12-30,12:30:00,94122.67,94189.47,93928.95,93966.0,-156.66999999999825,-0.16645299161190205,260.5200000000041,0.2767877281849358,108,red,BTCUSDT
2024-12-30,12:25:00,94062.72,94276.15,94062.72,94122.67,59.94999999999709,0.06373407020336759,213.42999999999302,0.2269017948874889,82,green,BTCUSDT
2024-12-30,12:20:00,94072.37,94079.98,94023.07,94062.72,-9.64999999999418,-0.010258059832014629,56.90999999998894,0.06049597772437214,44,red,BTCUSDT
2024-12-30,12:15:00,93973.01,94072.37,93898.45,94072.37,99.36000000000058,0.10573248638093063,173.91999999999825,0.18507441657982251,68,green,BTCUSDT
2024-12-30,12:10:00,93929.5,93985.89,93884.81,93973.01,43.50999999999476,0.04632197552419076,101.08000000000175,0.1076126243618903,44,green,BTCUSDT
2024-12-30,12:05:00,93962.39,94000.0,93914.83,93929.5,-32.88999999999942,-0.03500336677259851,85.16999999999825,0.0906426496814292,40,red,BTCUSDT
2024-12-30,12:00:00,93920.66,93984.64,93904.18,93962.39,41.729999999995925,0.044431118776205286,80.4600000000064,0.0856680521623319,47,green,BTCUSDT
2024-12-30,11:55:00,93889.67,93955.99,93884.26,93920.66,30.99000000000524,0.03300682599055385,71.73000000001048,0.07639818097135764,33,green,BTCUSDT
2024-12-30,11:50:00,93877.61,93922.52,93842.54,93889.67,12.059999999997672,0.012846513668166108,79.98000000001048,0.08519603343119884,31,green,BTCUSDT
2024-12-30,11:45:00,93893.06,93928.69,93843.03,93877.61,-15.44999999999709,-0.01645489027623244,85.66000000000349,0.09123144990695106,29,red,BTCUSDT
2024-12-30,11:40:00,93894.59,93915.6,93853.33,93893.06,-1.5299999999988358,-0.0016294868532881778,62.270000000004075,0.0663190499047965,33,red,BTCUSDT
2024-12-30,11:35:00,93879.37,93914.47,93843.82,93894.59,15.220000000001164,0.016212294564824162,70.64999999999418,0.07525615052592938,37,green,BTCUSDT
2024-12-30,11:30:00,93873.54,93934.35,93821.54,93879.37,5.830000000001746,0.006210482740931839,112.81000000001222,0.1201723084055552,69,green,BTCUSDT
2024-12-30,11:25:00,93739.28,93945.06,93739.27,93873.54,134.25999999999476,0.14322704420174207,205.7899999999936,0.21953443636434333,60,green,BTCUSDT
2024-12-30,11:20:00,93517.57,93755.99,93515.15,93739.28,221.70999999999185,0.2370784441896767,240.84000000001106,0.25753449325085226,51,green,BTCUSDT
2024-12-30,11:15:00,93544.34,93587.43,93469.63,93517.57,-26.769999999989523,-0.028617444946417415,117.79999999998836,0.12592958590545228,78,red,BTCUSDT
2024-12-30,11:10:00,93540.88,93651.14,93518.18,93544.34,3.459999999991851,0.003698917521400109,132.9600000000064,0.1421410617475551,62,green,BTCUSDT
2024-12-30,11:05:00,93637.29,93652.2,93497.08,93540.88,-96.40999999998894,-0.1029611173069927,155.11999999999534,0.16566049700925278,87,red,BTCUSDT
2024-12-30,11:00:00,93791.03,93861.0,93611.04,93637.29,-153.74000000000524,-0.16391759425182262,249.9600000000064,0.2665073621645976,51,red,BTCUSDT
2024-12-30,10:55:00,93794.78,93845.88,93768.72,93791.03,-3.75,-0.003998090298841791,77.16000000000349,0.08226470598897241,25,red,BTCUSDT
2024-12-30,10:50:00,93832.57,93856.0,93753.44,93794.78,-37.79000000000815,-0.04027386226339974,102.55999999999767,0.1093010667830985,32,red,BTCUSDT
2024-12-30,10:45:00,93816.0,93873.54,93811.63,93832.57,16.570000000006985,0.01766223245502578,61.90999999998894,0.06599087575678876,30,green,BTCUSDT
2024-12-30,10:40:00,93773.43,93870.43,93764.35,93816.0,42.570000000006985,0.04539665446812278,106.0799999999872,0.11312372811785514,23,green,BTCUSDT
2024-12-30,10:35:00,93781.0,93793.35,93720.86,93773.43,-7.570000000006985,-0.008071997526158801,72.49000000000524,0.07729710708992785,46,red,BTCUSDT
2024-12-30,10:30:00,93910.38,93929.0,93776.01,93781.0,-129.38000000000466,-0.13776964804104153,152.99000000000524,0.16291063884525356,26,red,BTCUSDT
2024-12-30,10:25:00,93894.54,93919.02,93856.66,93910.38,15.84000000001106,0.016869990523422404,62.36000000000058,0.06641493743938741,15,green,BTCUSDT
2024-12-30,10:20:00,93966.39,94014.47,93894.54,93894.54,-71.85000000000582,-0.07646350998479969,119.93000000000757,0.12763074116182135,27,red,BTCUSDT
2024-12-30,10:15:00,94010.61,94024.67,93958.96,93966.39,-44.220000000001164,-0.047037243987674546,65.70999999999185,0.06989636595272794,31,red,BTCUSDT
2024-12-30,10:10:00,93946.76,94068.24,93922.96,94010.61,63.85000000000582,0.06796402558215507,145.27999999999884,0.15464077739349272,44,green,BTCUSDT
2024-12-30,10:05:00,93885.99,93958.84,93868.38,93946.76,60.76999999998952,0.06472744229462726,90.45999999999185,0.0963509038994975,32,green,BTCUSDT
2024-12-30,10:00:00,93876.65,93911.02,93867.87,93885.99,9.34000000001106,0.009949225925734525,43.15000000000873,0.04596457159475624,36,green,BTCUSDT
2024-12-30,09:55:00,93913.84,93941.69,93866.84,93876.65,-37.19000000000233,-0.03960012709522082,74.85000000000582,0.0797007129087745,31,red,BTCUSDT
2024-12-30,09:50:00,93866.83,93951.0,93853.85,93913.84,47.00999999999476,0.05008158899154767,97.14999999999418,0.1034976892263158,45,green,BTCUSDT
2024-12-30,09:45:00,93983.27,94004.18,93861.01,93866.83,-116.44000000000233,-0.12389439099107992,143.16999999999825,0.1523356231380311,47,red,BTCUSDT
2024-12-30,09:40:00,93943.95,94024.36,93927.09,93983.27,39.320000000006985,0.04185474423846026,97.27000000000407,0.1035404621585574,59,green,BTCUSDT
2024-12-30,09:35:00,93899.8,93951.53,93876.38,93943.95,44.14999999999418,0.047018204511611504,75.14999999999418,0.08003211934423096,52,green,BTCUSDT
2024-12-30,09:30:00,93896.4,93931.0,93852.14,93899.8,3.400000000008731,0.003621012094189693,78.86000000000058,0.08398618051384354,54,green,BTCUSDT
2024-12-30,09:25:00,93716.16,93953.63,93691.0,93896.4,180.2399999999907,0.19232542178423728,262.63000000000466,0.2802398220328326,64,green,BTCUSDT
2024-12-30,09:20:00,93676.63,93759.71,93673.15,93716.16,39.529999999998836,0.04219835833120687,86.56000000001222,0.09240298247280268,78,green,BTCUSDT
2024-12-30,09:15:00,93806.21,93907.2,93675.14,93676.63,-129.58000000000175,-0.13813584409816976,232.05999999999767,0.2473823428107773,89,red,BTCUSDT
2024-12-30,09:10:00,93760.45,93807.0,93723.72,93806.21,45.76000000000931,0.04880522651076154,83.27999999999884,0.08882209929666383,64,green,BTCUSDT
2024-12-30,09:05:00,93871.94,93877.66,93730.43,93760.45,-111.49000000000524,-0.11876818567934702,147.23000000001048,0.1568413308599039,61,red,BTCUSDT
2024-12-30,09:00:00,93844.35,93905.99,93739.04,93871.94,27.589999999996508,0.029399745429529327,166.95000000001164,0.177900960473392,55,green,BTCUSDT
2024-12-30,08:55:00,93877.41,93937.7,93838.68,93844.35,-33.05999999999767,-0.03521613985728587,99.02000000000407,0.10547798453323762,39,red,BTCUSDT
2024-12-30,08:50:00,93852.73,93909.99,93824.96,93877.41,24.680000000007567,0.026296517959581538,85.02999999999884,0.09059938906412081,54,green,BTCUSDT
2024-12-30,08:45:00,93847.62,93964.09,93847.61,93852.73,5.110000000000582,0.0054449969002949485,116.47999999999593,0.12411609372725269,63,green,BTCUSDT
2024-12-30,08:40:00,93918.64,93932.72,93816.14,93847.62,-71.02000000000407,-0.07561864183723707,116.58000000000175,0.12412871395923297,56,red,BTCUSDT
2024-12-30,08:35:00,93758.85,93969.32,93756.38,93918.64,159.7899999999936,0.1704265783976591,212.94000000000233,0.22711456038550207,69,green,BTCUSDT
2024-12-30,08:30:00,93831.33,93837.49,93712.19,93758.85,-72.47999999999593,-0.07724498842763491,125.30000000000291,0.13353748689270728,53,red,BTCUSDT
2024-12-30,08:25:00,93828.43,93912.59,93813.66,93831.33,2.900000000008731,0.0030907476550643886,98.92999999999302,0.10543712603950958,62,green,BTCUSDT
2024-12-30,08:20:00,93831.0,93860.2,93752.58,93828.43,-2.570000000006985,-0.002738966865968587,107.61999999999534,0.1146955696944457,58,red,BTCUSDT
2024-12-30,08:15:00,93794.74,93864.93,93776.37,93831.0,36.25999999999476,0.03865888428284439,88.55999999999767,0.09441894076362668,68,green,BTCUSDT
2024-12-30,08:10:00,93837.03,93849.99,93719.91,93794.74,-42.2899999999936,-0.045067496275184325,130.08000000000175,0.13862331320588658,49,red,BTCUSDT
2024-12-30,08:05:00,93768.76,93845.02,93751.0,93837.03,68.27000000000407,0.07280676421443995,94.02000000000407,0.10026793571761435,79,green,BTCUSDT
2024-12-30,08:00:00,93719.23,93866.99,93707.57,93768.76,49.529999999998836,0.05284934585996795,159.41999999999825,0.1701038303451685,99,green,BTCUSDT
2024-12-30,07:55:00,93628.94,93760.52,93587.12,93719.23,90.2899999999936,0.09643385901836932,173.40000000000873,0.18519914889563924,56,green,BTCUSDT
2024-12-30,07:50:00,93509.64,93653.64,93509.64,93628.94,119.30000000000291,0.12758042914078474,144.0,0.1539948180743718,61,green,BTCUSDT
2024-12-30,07:45:00,93587.91,93683.08,93487.27,93509.64,-78.27000000000407,-0.08363259741563207,195.80999999999767,0.20922574294051194,88,red,BTCUSDT
2024-12-30,07:40:00,93525.78,93625.99,93525.78,93587.91,62.13000000000466,0.06643088141045672,100.2100000000064,0.10714692783102842,57,green,BTCUSDT
2024-12-30,07:35:00,93362.97,93592.38,93325.07,93525.78,162.80999999999767,0.17438391259403774,267.3099999999977,0.28631265693454017,109,green,BTCUSDT
2024-12-30,07:30:00,93545.18,93588.64,93362.96,93362.97,-182.20999999999185,-0.1947828845911589,225.67999999999302,0.24125240872912215,98,red,BTCUSDT
2024-12-30,07:25:00,93663.49,93682.75,93487.08,93545.18,-118.31000000001222,-0.1263138924249056,195.66999999999825,0.20890744088224583,73,red,BTCUSDT
2024-12-30,07:20:00,93763.64,93770.99,93662.61,93663.49,-100.14999999999418,-0.10681112635984927,108.38000000000466,0.11558851597485408,51,red,BTCUSDT
2024-12-30,07:15:00,93792.95,93837.9,93727.26,93763.64,-29.30999999999767,-0.031249683478339972,110.63999999999942,0.11796195769511399,70,red,BTCUSDT
2024-12-30,07:10:00,93834.63,93890.48,93743.71,93792.95,-41.68000000000757,-0.04441856913594434,146.76999999998952,0.15641346909982967,73,red,BTCUSDT
2024-12-30,07:05:00,93897.42,93939.66,93829.95,93834.63,-62.7899999999936,-0.06687084693061172,109.7100000000064,0.11684027101064802,76,red,BTCUSDT
2024-12-30,07:00:00,93886.56,93908.21,93784.59,93897.42,10.860000000000582,0.011567150825422277,123.6200000000099,0.1316695382171952,77,green,BTCUSDT
2024-12-30,06:55:00,93826.12,93908.5,93808.85,93886.56,60.44000000000233,0.06441703014043673,99.64999999999418,0.10620709883345297,76,green,BTCUSDT
2024-12-30,06:50:00,93794.34,93918.43,93773.68,93826.12,31.779999999998836,0.0338826415325262,144.75,0.154327009497588,80,green,BTCUSDT
2024-12-30,06:45:00,93806.05,93850.08,93713.14,93794.34,-11.710000000006403,-0.012483203375482076,136.94000000000233,0.1459820555284039,80,red,BTCUSDT
2024-12-30,06:40:00,93810.22,93865.73,93796.01,93806.05,-4.169999999998254,-0.0044451446761325725,69.72000000000116,0.07432026062832084,55,red,BTCUSDT
2024-12-30,06:35:00,93841.0,93950.93,93789.15,93810.22,-30.779999999998836,-0.03280016197610729,161.77999999999884,0.1723979923487589,56,red,BTCUSDT
2024-12-30,06:30:00,93876.58,93952.27,93802.55,93841.0,-35.580000000001746,-0.03790082680898872,149.72000000000116,0.1594859974660359,70,red,BTCUSDT
2024-12-30,06:25:00,93955.3,93973.54,93827.0,93876.58,-78.72000000000116,-0.08378452306575697,146.5399999999936,0.15596778468058065,71,red,BTCUSDT
2024-12-30,06:20:00,93873.6,94046.62,93837.87,93955.3,81.69999999999709,0.08703192377835417,208.75,0.22237348945816504,92,green,BTCUSDT
2024-12-30,06:15:00,93706.0,93904.34,93694.43,93873.6,167.60000000000582,0.1788572770153521,209.9100000000035,0.2240091349540088,79,green,BTCUSDT
2024-12-30,06:10:00,93534.75,93724.53,93525.04,93706.0,171.25,0.18308703449787378,199.49000000000524,0.21327902196777693,53,green,BTCUSDT
2024-12-30,06:05:00,93610.37,93623.28,93509.77,93534.75,-75.61999999999534,-0.08078164844343137,113.50999999999476,0.1212579332823861,44,red,BTCUSDT
2024-12-30,06:00:00,93586.79,93623.29,93542.54,93610.37,23.580000000001746,0.025195863646997343,80.75,0.08628354493192897,57,green,BTCUSDT
2024-12-30,05:55:00,93536.27,93586.79,93466.83,93586.79,50.51999999998952,0.05401113386282083,119.95999999999185,0.12824971532432483,36,green,BTCUSDT
2024-12-30,05:50:00,93461.4,93566.51,93461.4,93536.27,74.8700000000099,0.08010793760847783,105.11000000000058,0.11246354109825081,48,green,BTCUSDT
2024-12-30,05:45:00,93411.77,93535.18,93389.37,93461.4,49.629999999990105,0.05313034963365977,145.80999999999767,0.15609381986873566,63,green,BTCUSDT
2024-12-30,05:40:00,93307.26,93479.82,93307.26,93411.77,104.51000000000931,0.11200628975709856,172.56000000001222,0.18493737786321476,80,green,BTCUSDT
2024-12-30,05:35:00,93294.6,93409.34,93272.08,93307.26,12.65999999998894,0.013569917229924284,137.25999999999476,0.14712534273151368,64,green,BTCUSDT
2024-12-30,05:30:00,93249.83,93384.86,93236.45,93294.6,44.770000000004075,0.04801081138700636,148.4100000000035,0.15915310515847964,83,green,BTCUSDT
2024-12-30,05:25:00,93287.56,93321.92,93228.25,93249.83,-37.729999999995925,-0.04044483530279485,93.66999999999825,0.1004099581980687,51,red,BTCUSDT
2024-12-30,05:20:00,93305.66,93401.67,93267.43,93287.56,-18.10000000000582,-0.019398608830381588,134.24000000000524,0.14387122924804907,58,red,BTCUSDT
2024-12-30,05:15:00,93411.75,93527.69,93281.0,93305.66,-106.08999999999651,-0.11357243601580799,246.69000000000233,0.2640888325076902,49,red,BTCUSDT
2024-12-30,05:10:00,93428.55,93478.96,93381.01,93411.75,-16.80000000000291,-0.017981655500382818,97.95000000001164,0.10483947358704768,45,red,BTCUSDT
2024-12-30,05:05:00,93323.27,93441.37,93302.37,93428.55,105.27999999999884,0.11281216356863494,139.0,0.14894463085144788,52,green,BTCUSDT
2024-12-30,05:00:00,93272.43,93333.97,93231.54,93323.27,50.84000000001106,0.054506996333226296,102.43000000000757,0.10981808879645097,68,green,BTCUSDT
2024-12-30,04:55:00,93436.45,93468.95,93237.01,93272.43,-164.02000000000407,-0.1755417719744319,231.94000000000233,0.24823288984117264,98,red,BTCUSDT
2024-12-30,04:50:00,93492.6,93547.5,93415.7,93436.45,-56.15000000000873,-0.06005822920745463,131.8000000000029,0.14097372412362358,68,red,BTCUSDT
2024-12-30,04:45:00,93620.22,93676.99,93489.76,93492.6,-127.61999999999534,-0.13631670594236517,187.23000000001048,0.1999888485628537,49,red,BTCUSDT
2024-12-30,04:40:00,93622.08,93686.74,93582.75,93620.22,-1.860000000000582,-0.001986710827190105,103.99000000000524,0.11107422522550796,50,red,BTCUSDT
2024-12-30,04:35:00,93603.48,93669.5,93536.28,93622.08,18.60000000000582,0.019871056076126464,133.22000000000116,0.14232376830434207,65,green,BTCUSDT
2024-12-30,04:30:00,93556.72,93608.16,93515.42,93603.48,46.75999999999476,0.049980375541163434,92.74000000000524,0.09912703224311972,67,green,BTCUSDT
2024-12-30,04:25:00,93653.2,93653.27,93446.53,93556.72,-96.47999999999593,-0.10301836990086397,206.74000000000524,0.22075059901851216,63,red,BTCUSDT
2024-12-30,04:20:00,93768.21,93795.99,93650.01,93653.2,-115.01000000000931,-0.12265350911573263,145.98000000001048,0.15568176037487597,32,red,BTCUSDT
2024-12-30,04:15:00,93821.86,93847.49,93726.0,93768.21,-53.64999999999418,-0.057182835641922024,121.49000000000524,0.1294900783250356,54,red,BTCUSDT
2024-12-30,04:10:00,93876.81,93972.25,93784.32,93821.86,-54.94999999999709,-0.058534157690272065,187.92999999999302,0.20018788452653324,67,red,BTCUSDT
2024-12-30,04:05:00,93708.16,93896.0,93682.32,93876.81,168.64999999999418,0.17997365437545051,213.67999999999302,0.22802710030801268,52,green,BTCUSDT
2024-12-30,04:00:00,93716.13,93805.99,93685.25,93708.16,-7.970000000001164,-0.008504405805063828,120.74000000000524,0.12883587915976177,52,red,BTCUSDT
2024-12-30,03:55:00,93711.01,93765.46,93649.77,93716.13,5.120000000009895,0.005463605610493256,115.69000000000233,0.12345401036655387,36,green,BTCUSDT
2024-12-30,03:50:00,93782.01,93828.57,93668.27,93711.01,-71.0,-0.07570748377007488,160.3000000000029,0.1709283049062426,44,red,BTCUSDT
2024-12-30,03:45:00,93763.84,93845.46,93732.7,93782.01,18.169999999998254,0.01937847255402323,112.76000000000931,0.12025957981244083,54,green,BTCUSDT
2024-12-30,03:40:00,93744.18,93831.0,93736.11,93763.84,19.660000000003492,0.020971968606481484,94.88999999999942,0.10122228387938262,42,green,BTCUSDT
2024-12-30,03:35:00,93836.0,93845.19,93744.18,93744.18,-91.82000000000698,-0.09785157082570334,101.01000000000931,0.10764525342087186,56,red,BTCUSDT
2024-12-30,03:30:00,93892.65,93922.94,93779.48,93836.0,-56.64999999999418,-0.060334861141946874,143.4600000000064,0.15279151243468622,58,red,BTCUSDT
2024-12-30,03:25:00,93857.03,93968.03,93857.03,93892.65,35.61999999999534,0.037951339393538605,111.0,0.1182649823886394,59,green,BTCUSDT
2024-12-30,03:20:00,93966.62,94026.98,93828.73,93857.03,-109.58999999999651,-0.11662652120507955,198.25,0.21097917537099878,52,red,BTCUSDT
2024-12-30,03:15:00,94020.4,94043.62,93960.7,93966.62,-53.779999999998836,-0.057200352263975525,82.91999999999825,0.08819362606412891,62,red,BTCUSDT
2024-12-30,03:10:00,94030.68,94044.68,93963.81,94020.4,-10.279999999998836,-0.01093260199755956,80.86999999999534,0.08600384470259638,47,red,BTCUSDT
2024-12-30,03:05:00,93917.95,94090.57,93917.94,94030.68,112.72999999999593,0.1200303030464314,172.63000000000466,0.18380937829244,66,green,BTCUSDT
2024-12-30,03:00:00,93900.31,93978.48,93785.32,93917.95,17.639999999999418,0.018785880472598458,193.15999999998894,0.2057075210933691,100,green,BTCUSDT
2024-12-30,02:55:00,93825.77,93940.97,93818.77,93900.31,74.5399999999936,0.07944512472425602,122.19999999999709,0.1302414038275381,72,green,BTCUSDT
2024-12-30,02:50:00,93739.02,93836.86,93669.16,93825.77,86.75,0.09254417210677048,167.6999999999971,0.17890095287959815,70,green,BTCUSDT
2024-12-30,02:45:00,93620.28,93774.29,93559.86,93739.02,118.74000000000524,0.12683149420190287,214.42999999999302,0.2290422545200602,76,green,BTCUSDT
2024-12-30,02:40:00,93574.54,93709.6,93543.05,93620.28,45.74000000000524,0.04888081736763572,166.5500000000029,0.17798644802315128,81,green,BTCUSDT
2024-12-30,02:35:00,93449.57,93631.58,93415.58,93574.54,124.96999999998661,0.13372988233117242,216.0,0.23114071043879603,86,green,BTCUSDT
2024-12-30,02:30:00,93523.23,93600.99,93411.0,93449.57,-73.65999999998894,-0.07876118051096925,189.99000000000524,0.20314738915668892,116,red,BTCUSDT
2024-12-30,02:25:00,93518.14,93554.76,93444.24,93523.23,5.0899999999965075,0.005442794307068669,110.51999999998952,0.11818028031779666,96,green,BTCUSDT
2024-12-30,02:20:00,93496.46,93584.0,93425.64,93518.14,21.679999999993015,0.02318804369704801,158.36000000000058,0.16937539667277304,129,green,BTCUSDT
2024-12-30,02:15:00,93628.88,93633.19,93452.17,93496.46,-132.41999999999825,-0.1414307209484918,181.02000000000407,0.1933377821031332,165,red,BTCUSDT
2024-12-30,02:10:00,93738.96,93784.64,93608.36,93628.88,-110.08000000000175,-0.11743249551734063,176.27999999999884,0.1880541452561441,131,red,BTCUSDT
2024-12-30,02:05:00,93860.59,93862.38,93692.49,93738.96,-121.6299999999901,-0.12958580379687587,169.88999999999942,0.1810024846423823,95,red,BTCUSDT
2024-12-30,02:00:00,93935.55,93968.71,93823.83,93860.59,-74.9600000000064,-0.07979939437199911,144.88000000000466,0.15423340790574458,70,red,BTCUSDT
2024-12-30,01:55:00,93800.13,93944.86,93718.76,93935.55,135.41999999999825,0.14437080204472877,226.10000000000582,0.24104444204928696,58,green,BTCUSDT
2024-12-30,01:50:00,93626.16,93832.35,93566.01,93800.13,173.97000000000116,0.1858134521377371,266.34000000001106,0.2844717758370215,98,green,BTCUSDT
2024-12-30,01:45:00,93781.04,93789.21,93434.31,93626.16,-154.8799999999901,-0.16515065305310125,354.90000000000873,0.37843470279281266,116,red,BTCUSDT
2024-12-30,01:40:00,93993.89,94052.28,93776.44,93781.04,-212.85000000000582,-0.226450889520591,275.8399999999965,0.29346588379308114,105,red,BTCUSDT
2024-12-30,01:35:00,93953.94,94289.3,93918.75,93993.89,39.94999999999709,0.04252083520924944,370.5500000000029,0.3943953813964618,138,green,BTCUSDT
2024-12-30,01:30:00,93864.71,93979.2,93746.04,93953.94,89.22999999999593,0.09506235090908598,233.1600000000035,0.24840006430532144,204,green,BTCUSDT
2024-12-30,01:25:00,93735.72,93888.17,93640.23,93864.71,128.99000000000524,0.1376102941333413,247.94000000000233,0.26450962343917805,133,green,BTCUSDT
2024-12-30,01:20:00,93801.61,93907.49,93729.92,93735.72,-65.88999999999942,-0.07024399687809135,177.57000000000698,0.1893037870032369,159,red,BTCUSDT
2024-12-30,01:15:00,93406.49,93808.94,93406.49,93801.61,395.11999999999534,0.42301129182778985,402.4499999999971,0.4308587122800536,130,green,BTCUSDT
2024-12-30,01:10:00,93460.63,93553.93,93363.59,93406.49,-54.13999999999942,-0.05792813508746882,190.3399999999965,0.20365794666695108,110,red,BTCUSDT
2024-12-30,01:05:00,93485.34,93627.21,93429.83,93460.63,-24.70999999999185,-0.026431951790507315,197.38000000000466,0.21113470839385584,123,red,BTCUSDT
2024-12-30,01:00:00,93576.36,93644.61,93446.62,93485.34,-91.02000000000407,-0.09726815618816982,197.99000000000524,0.2115812155976202,106,red,BTCUSDT
2024-12-30,00:55:00,93565.37,93609.33,93503.74,93576.36,10.990000000005239,0.011745798685993802,105.58999999999651,0.11285158173370823,111,green,BTCUSDT
2024-12-30,00:50:00,93597.95,93637.44,93554.95,93565.37,-32.580000000001746,-0.034808454672353134,82.49000000000524,0.08813227212776054,117,red,BTCUSDT
2024-12-30,00:45:00,93564.43,93612.01,93544.84,93597.95,33.520000000004075,0.035825580297987256,67.16999999999825,0.07179010228566375,109,green,BTCUSDT
2024-12-30,00:40:00,93597.68,93614.31,93508.44,93564.43,-33.25,-0.035524384792443575,105.86999999999534,0.11311177798423568,115,red,BTCUSDT
2024-12-30,00:35:00,93677.1,93699.99,93495.79,93597.68,-79.4200000000128,-0.08478059205506233,204.20000000001164,0.21798283678723152,155,red,BTCUSDT
2024-12-30,00:30:00,93660.91,93729.24,93588.79,93677.1,16.19000000000233,0.0172857598757073,140.45000000001164,0.14995583536398657,132,green,BTCUSDT
2024-12-30,00:25:00,93675.53,93709.11,93605.17,93660.91,-14.619999999995343,-0.015607064085994863,103.94000000000233,0.1109574720313857,160,red,BTCUSDT
2024-12-30,00:20:00,93785.73,93789.26,93581.27,93675.53,-110.19999999999709,-0.11750188434850066,207.9899999999907,0.22177147845412162,119,red,BTCUSDT
2024-12-30,00:15:00,93722.9,93912.5,93633.98,93785.73,62.830000000001746,0.06703804513091438,278.5200000000041,0.297173903069585,140,green,BTCUSDT
2024-12-30,00:10:00,93709.86,93725.99,93581.01,93722.9,13.039999999993597,0.013915291304451419,144.98000000001048,0.15471157464114288,113,green,BTCUSDT
2024-12-30,00:05:00,93564.53,93776.91,93550.28,93709.86,145.33000000000175,0.1553259552524891,226.63000000000466,0.24221785755777822,103,green,BTCUSDT
2024-12-30,00:00:00,93740.11,93749.83,93502.04,93564.53,-175.58000000000175,-0.187305092771922,247.79000000000815,0.26433721914771396,92,red,BTCUSDT
2024-12-29,23:55:00,93823.25,93823.25,93685.6,93740.11,-83.13999999999942,-0.08861343003999479,137.64999999999418,0.14671203566279592,71,red,BTCUSDT
2024-12-29,23:50:00,93838.85,93867.42,93767.25,93823.25,-15.60000000000582,-0.01662424464921066,100.16999999999825,0.10674683246863985,83,red,BTCUSDT
2024-12-29,23:45:00,93702.6,93854.87,93697.6,93838.85,136.25,0.14540685103721773,157.26999999998952,0.16783952633116853,104,green,BTCUSDT
2024-12-29,23:40:00,93747.08,93774.47,93654.33,93702.6,-44.479999999995925,-0.04744681114334006,120.13999999999942,0.12815332488222503,42,red,BTCUSDT
2024-12-29,23:35:00,93672.62,93814.24,93634.96,93747.08,74.4600000000064,0.079489609663962,179.27999999999884,0.191389970729973,64,green,BTCUSDT
2024-12-29,23:30:00,93486.91,93674.54,93475.42,93672.62,185.70999999999185,0.19864813159402944,199.11999999999534,0.21299238577892388,104,green,BTCUSDT
2024-12-29,23:25:00,93324.44,93517.51,93296.01,93486.91,162.47000000000116,0.17409158844135703,221.5,0.23734404406819906,106,green,BTCUSDT
2024-12-29,23:20:00,93184.15,93399.25,93152.58,93324.44,140.29000000000815,0.15055135449538162,246.66999999999825,0.26471240012383895,95,green,BTCUSDT
2024-12-29,23:15:00,93053.81,93248.41,93051.01,93184.15,130.3399999999965,0.14006949312445832,197.40000000000873,0.2121353225622989,116,green,BTCUSDT
2024-12-29,23:10:00,93079.2,93216.98,93000.0,93053.81,-25.389999999999418,-0.027277845103953854,216.97999999999593,0.23311330565797292,102,red,BTCUSDT
2024-12-29,23:05:00,93169.52,93193.66,93020.2,93079.2,-90.32000000000698,-0.09694157488415416,173.4600000000064,0.18617676682246123,91,red,BTCUSDT
2024-12-29,23:00:00,93141.9,93314.23,93119.32,93169.52,27.620000000009895,0.02965367895652751,194.90999999998894,0.2092613528390434,87,green,BTCUSDT
2024-12-29,22:55:00,93370.65,93424.85,93080.88,93141.9,-228.75,-0.2449913329295662,343.97000000000116,0.36839199470069145,66,red,BTCUSDT
2024-12-29,22:50:00,93631.22,93684.18,93358.44,93370.65,-260.570000000007,-0.27829392802956854,325.7399999999907,0.3478967805823642,19,red,BTCUSDT
2024-12-29,22:45:00,93643.9,93654.34,93525.19,93631.22,-12.679999999993015,-0.013540657747053483,129.14999999999418,0.13791608422971938,15,red,BTCUSDT
2024-12-29,22:40:00,93510.9,93763.94,93499.96,93643.9,133.0,0.1422294085502332,263.9799999999959,0.2822986411209773,45,green,BTCUSDT
2024-12-29,22:35:00,93571.03,93571.03,93400.83,93510.9,-60.13000000000466,-0.06426134242618112,170.1999999999971,0.18189390455571247,42,red,BTCUSDT
2024-12-29,22:30:00,93289.81,93660.99,93282.02,93571.03,281.22000000000116,0.3014477143859562,378.97000000000116,0.4062287188707976,61,green,BTCUSDT
2024-12-29,22:25:00,93095.49,93316.12,93070.5,93289.81,194.31999999999243,0.20873191601439817,245.61999999999534,0.26383662624257664,51,green,BTCUSDT
2024-12-29,22:20:00,93220.75,93226.12,93074.55,93095.49,-125.25999999999476,-0.13436922573568091,151.56999999999243,0.16259255584190477,82,red,BTCUSDT
2024-12-29,22:15:00,93307.53,93307.53,93190.38,93220.75,-86.77999999999884,-0.09300428379145696,117.14999999999418,0.1255525679438671,78,red,BTCUSDT
2024-12-29,22:10:00,93376.22,93379.11,93240.95,93307.53,-68.69000000000233,-0.07356262654453385,138.1600000000035,0.14796058354043834,101,red,BTCUSDT
2024-12-29,22:05:00,93385.03,93500.0,93353.46,93376.22,-8.809999999997672,-0.009434060255693735,146.5399999999936,0.15692022586488819,47,red,BTCUSDT
2024-12-29,22:00:00,93338.7,93492.58,93311.54,93385.03,46.330000000001746,0.04963643161946947,181.04000000000815,0.1939602758555756,57,green,BTCUSDT
2024-12-29,21:55:00,93247.07,93430.5,93186.0,93338.7,91.6299999999901,0.09826582218614494,244.5,0.2622066301922409,75,green,BTCUSDT
2024-12-29,21:50:00,93454.68,93499.85,93125.0,93247.07,-207.60999999998603,-0.22215045838259365,374.8500000000058,0.4011035081389245,138,red,BTCUSDT
2024-12-29,21:45:00,93779.76,93779.76,93436.0,93454.68,-325.08000000000175,-0.3466419619755923,343.75999999999476,0.3665609722183068,81,red,BTCUSDT
2024-12-29,21:40:00,93729.46,93820.57,93722.4,93779.76,50.29999999998836,0.05366509099699108,98.1700000000128,0.1047376139796525,57,green,BTCUSDT
2024-12-29,21:35:00,93871.06,93885.22,93729.46,93729.46,-141.59999999999127,-0.15084521257136255,155.75999999999476,0.16592973382850346,64,red,BTCUSDT
2024-12-29,21:30:00,93854.07,93934.32,93813.03,93871.06,16.989999999990687,0.01810257136423672,121.29000000000815,0.12923254154029565,76,green,BTCUSDT
2024-12-29,21:25:00,93728.06,93891.61,93723.64,93854.07,126.01000000000931,0.13444212971015224,167.97000000000116,0.17920993990487072,57,green,BTCUSDT
2024-12-29,21:20:00,93728.59,93766.77,93689.04,93728.06,-0.5299999999988358,-0.0005654624698812132,77.73000000001048,0.08293093921503618,54,red,BTCUSDT
2024-12-29,21:15:00,93758.82,93766.47,93609.68,93728.59,-30.230000000010477,-0.032242299977762595,156.79000000000815,0.1672269339567287,71,red,BTCUSDT
2024-12-29,21:10:00,93804.75,93804.75,93633.83,93758.82,-45.929999999993015,-0.048963405371255736,170.91999999999825,0.1822082570445508,78,red,BTCUSDT
2024-12-29,21:05:00,93890.14,93890.14,93764.54,93804.75,-85.38999999999942,-0.09094671708871604,125.60000000000582,0.13377336533954023,74,red,BTCUSDT
2024-12-29,21:00:00,93844.19,93938.04,93773.08,93890.14,45.94999999999709,0.04896413938891379,164.95999999999185,0.17578072760816824,100,green,BTCUSDT
2024-12-29,20:55:00,93793.09,93863.25,93763.69,93844.19,51.10000000000582,0.05448162545876868,99.55999999999767,0.1061485446315903,59,green,BTCUSDT
2024-12-29,20:50:00,93740.01,93851.46,93717.52,93793.09,53.080000000001746,0.056624700594763905,133.94000000000233,0.1428845591119548,71,green,BTCUSDT
2024-12-29,20:45:00,93668.63,93845.88,93649.4,93740.01,71.3799999999901,0.07620480837607009,196.48000000001048,0.20976072779116173,90,green,BTCUSDT
2024-12-29,20:40:00,93451.3,93668.64,93441.37,93668.63,217.33000000000175,0.23255963266428795,227.27000000000407,0.24319618881706737,86,green,BTCUSDT
2024-12-29,20:35:00,93405.35,93457.71,93336.12,93451.3,45.94999999999709,0.04919418427316753,121.59000000001106,0.13017455638248884,120,green,BTCUSDT
2024-12-29,20:30:00,93489.22,93497.6,93402.35,93405.35,-83.86999999999534,-0.08971087789586366,95.25,0.10188340431121364,92,red,BTCUSDT
2024-12-29,20:25:00,93424.29,93528.03,93385.05,93489.22,64.93000000000757,0.06950012678716377,142.97999999999593,0.15304371058104477,79,green,BTCUSDT
2024-12-29,20:20:00,93519.88,93561.71,93375.07,93424.29,-95.59000000001106,-0.10221356143743027,186.63999999999942,0.1995725400845247,118,red,BTCUSDT
2024-12-29,20:15:00,93489.87,93520.58,93424.3,93519.88,30.010000000009313,0.032099734441827024,96.27999999999884,0.10298441959540519,79,green,BTCUSDT
2024-12-29,20:10:00,93449.53,93514.02,93386.24,93489.87,40.33999999999651,0.04316768634363009,127.77999999999884,0.136736910287295,97,green,BTCUSDT
2024-12-29,20:05:00,93569.74,93651.0,93383.23,93449.53,-120.2100000000064,-0.1284710206526238,267.7700000000041,0.28617157640921526,90,red,BTCUSDT
2024-12-29,20:00:00,93599.19,93651.48,93483.1,93569.74,-29.44999999999709,-0.03146394749783314,168.3799999999901,0.17989471917437544,85,red,BTCUSDT
2024-12-29,19:55:00,93519.63,93657.09,93519.62,93599.19,79.55999999999767,0.08507304830012444,137.47000000000116,0.14699587669455189,72,green,BTCUSDT
2024-12-29,19:50:00,93450.44,93595.3,93433.71,93519.63,69.19000000000233,0.07403924475904268,161.5899999999965,0.17291518370592637,76,green,BTCUSDT
2024-12-29,19:45:00,93451.0,93542.43,93424.3,93450.44,-0.5599999999976717,-0.0005992445238656319,118.1299999999901,0.12640849215095623,114,red,BTCUSDT
2024-12-29,19:40:00,93526.43,93584.23,93354.13,93451.0,-75.42999999999302,-0.08065099886737152,230.09999999999127,0.2460267113798648,135,red,BTCUSDT
2024-12-29,19:35:00,93681.03,93711.38,93507.39,93526.43,-154.60000000000582,-0.16502807452053614,203.99000000000524,0.2177495273055871,126,red,BTCUSDT
2024-12-29,19:30:00,93715.13,93794.77,93659.57,93681.03,-34.10000000000582,-0.03638686730734495,135.1999999999971,0.14426699296047188,46,red,BTCUSDT
2024-12-29,19:25:00,93841.33,93856.91,93712.16,93715.13,-126.19999999999709,-0.13448232244789912,144.75,0.15424973196778008,27,red,BTCUSDT
2024-12-29,19:20:00,93796.59,93859.58,93769.67,93841.33,44.74000000000524,0.047698962190422106,89.91000000000349,0.09585636322173706,53,green,BTCUSDT
2024-12-29,19:15:00,93673.36,93819.65,93668.68,93796.59,123.22999999999593,0.1315528769332027,150.97000000000116,0.16116641913987195,54,green,BTCUSDT
2024-12-29,19:10:00,93692.3,93726.92,93655.01,93673.36,-18.94000000000233,-0.020215108392047508,71.91000000000349,0.07675123782851258,75,red,BTCUSDT
2024-12-29,19:05:00,93648.79,93773.26,93616.21,93692.3,43.51000000000931,0.04646082453388807,157.04999999998836,0.1677010455767644,98,green,BTCUSDT
2024-12-29,19:00:00,93640.98,93734.8,93596.0,93648.79,7.809999999997672,0.00834036551090951,138.8000000000029,0.1482257020377221,97,green,BTCUSDT
2024-12-29,18:55:00,93642.02,93691.53,93588.0,93640.98,-1.040000000008149,-0.0011106125220367406,103.52999999999884,0.11055934077457838,81,red,BTCUSDT
2024-12-29,18:50:00,93834.21,93899.3,93635.17,93642.02,-192.19000000000233,-0.20481869032627048,264.13000000000466,0.2814858248393679,115,red,BTCUSDT
2024-12-29,18:45:00,93736.71,93889.02,93703.81,93834.21,97.5,0.10401474513026965,185.2100000000064,0.1975853430315683,78,green,BTCUSDT
2024-12-29,18:40:00,93733.11,93759.55,93626.37,93736.71,3.6000000000058208,0.0038406919390659507,133.18000000000757,0.14208426456777928,94,green,BTCUSDT
2024-12-29,18:35:00,93638.51,93733.11,93571.18,93733.11,94.60000000000582,0.1010268104437008,161.93000000000757,0.17293098747513985,104,green,BTCUSDT
2024-12-29,18:30:00,93763.12,93790.85,93584.41,93638.51,-124.61000000000058,-0.1328987345984227,206.44000000000233,0.2201718543495591,126,red,BTCUSDT
2024-12-29,18:25:00,93840.84,93878.93,93746.77,93763.12,-77.72000000000116,-0.08282108301673469,132.15999999998894,0.1408342039563893,53,red,BTCUSDT
2024-12-29,18:20:00,93905.12,93905.12,93772.23,93840.84,-64.27999999999884,-0.0684520716229305,132.88999999999942,0.14151518042892594,68,red,BTCUSDT
2024-12-29,18:15:00,93896.98,93927.13,93772.51,93905.12,8.139999999999418,0.008669075405832454,154.6200000000099,0.1646698328316948,132,green,BTCUSDT
2024-12-29,18:10:00,93786.56,93899.06,93746.47,93896.98,110.41999999999825,0.11773541965927556,152.5899999999965,0.1626992183101678,110,green,BTCUSDT
2024-12-29,18:05:00,93717.56,93800.0,93713.05,93786.56,69.0,0.07362547637817288,86.94999999999709,0.09277877059539011,81,green,BTCUSDT
2024-12-29,18:00:00,93928.83,93934.86,93677.95,93717.56,-211.27000000000407,-0.22492561655458082,256.9100000000035,0.2735155968620108,75,red,BTCUSDT
2024-12-29,17:55:00,93908.82,93953.5,93891.02,93928.83,20.00999999999476,0.021307902708174547,62.479999999995925,0.06653262174947563,56,green,BTCUSDT
2024-12-29,17:50:00,93925.56,93958.96,93874.78,93908.82,-16.739999999990687,-0.017822624640183873,84.18000000000757,0.08962416620141266,80,red,BTCUSDT
2024-12-29,17:45:00,93998.55,94015.99,93874.91,93925.56,-72.99000000000524,-0.077650133964838,141.08000000000175,0.1500874215612919,104,red,BTCUSDT
2024-12-29,17:40:00,93945.42,94040.03,93927.37,93998.55,53.13000000000466,0.0565541140802869,112.66000000000349,0.11992069437765406,89,green,BTCUSDT
2024-12-29,17:35:00,93920.18,93972.28,93852.44,93945.42,25.24000000000524,0.026873883759598035,119.83999999999651,0.12759771116281562,82,green,BTCUSDT
2024-12-29,17:30:00,93854.0,93950.99,93800.0,93920.18,66.17999999999302,0.07051377671702114,150.99000000000524,0.16087753318985365,93,green,BTCUSDT
2024-12-29,17:25:00,94015.5,94026.18,93795.01,93854.0,-161.5,-0.1717801851822306,231.16999999999825,0.24588498705000586,89,red,BTCUSDT
2024-12-29,17:20:00,93983.74,94048.72,93933.23,94015.5,31.75999999999476,0.033793079526303976,115.49000000000524,0.12288295826491395,103,green,BTCUSDT
2024-12-29,17:15:00,94080.99,94100.99,93866.0,93983.74,-97.25,-0.10336838504781891,234.99000000000524,0.24977415735102834,99,red,BTCUSDT
2024-12-29,17:10:00,93989.07,94110.07,93978.26,94080.99,91.91999999999825,0.09779860573149435,131.81000000001222,0.1402397108514982,104,green,BTCUSDT
2024-12-29,17:05:00,93880.31,94023.1,93790.94,93989.07,108.76000000000931,0.1158496387581265,232.1600000000035,0.2472936018213015,107,green,BTCUSDT
2024-12-29,17:00:00,93889.82,93909.9,93790.93,93880.31,-9.510000000009313,-0.01012889363299377,118.97000000000116,0.12671235284080976,108,red,BTCUSDT
2024-12-29,16:55:00,93874.15,93930.53,93831.04,93889.82,15.670000000012806,0.016692561264216834,99.49000000000524,0.10598231781593255,99,green,BTCUSDT
2024-12-29,16:50:00,93796.48,93913.42,93785.12,93874.15,77.66999999999825,0.08280694542055124,128.3000000000029,0.1367855168978654,107,green,BTCUSDT
2024-12-29,16:45:00,93709.74,93827.0,93709.74,93796.48,86.73999999999069,0.09256241667087187,117.25999999999476,0.1251310696198653,130,green,BTCUSDT
2024-12-29,16:40:00,93629.82,93800.64,93558.43,93709.74,79.91999999999825,0.08535742138562079,242.2100000000064,0.2586889518745271,150,green,BTCUSDT
2024-12-29,16:35:00,93830.09,93854.04,93627.15,93629.82,-200.26999999998952,-0.21343899382382509,226.88999999999942,0.24180942382129167,215,red,BTCUSDT
2024-12-29,16:30:00,93957.16,94031.69,93784.12,93830.09,-127.07000000000698,-0.13524248710796175,247.57000000000698,0.2634924256969953,121,red,BTCUSDT
2024-12-29,16:25:00,93987.96,94037.62,93931.69,93957.16,-30.80000000000291,-0.032770154815577344,105.92999999999302,0.11270592531212828,83,red,BTCUSDT
2024-12-29,16:20:00,94012.96,94039.35,93874.98,93987.96,-25.0,-0.02659207836876958,164.3700000000099,0.17483759685899677,106,red,BTCUSDT
2024-12-29,16:15:00,94203.94,94243.84,94003.5,94012.96,-190.97999999999593,-0.2027303741223519,240.3399999999965,0.2551273333153544,99,red,BTCUSDT
2024-12-29,16:10:00,94301.01,94301.01,94174.81,94203.94,-97.06999999999243,-0.10293633122274345,126.19999999999709,0.13382677449583744,102,red,BTCUSDT
2024-12-29,16:05:00,94466.36,94466.37,94236.98,94301.01,-165.35000000000582,-0.1750358540331244,229.38999999999942,0.2428271820783604,107,red,BTCUSDT
2024-12-29,16:00:00,94513.48,94583.31,94450.75,94466.36,-47.11999999999534,-0.04985532222493061,132.55999999999767,0.14025512551225253,75,red,BTCUSDT
2024-12-29,15:55:00,94694.44,94722.54,94507.2,94513.48,-180.9600000000064,-0.1910988649386452,215.3399999999965,0.22740511480927125,61,red,BTCUSDT
2024-12-29,15:50:00,94748.13,94794.64,94691.0,94694.44,-53.69000000000233,-0.05666602602077985,103.63999999999942,0.1093847445854598,95,red,BTCUSDT
2024-12-29,15:45:00,94711.48,94757.16,94623.42,94748.13,36.65000000000873,0.038696470586257053,133.74000000000524,0.14120780289781687,77,green,BTCUSDT
2024-12-29,15:40:00,94680.31,94711.48,94644.97,94711.48,31.169999999998254,0.032921311727853717,66.50999999999476,0.07024691828743987,49,green,BTCUSDT
2024-12-29,15:35:00,94718.04,94747.47,94644.41,94680.31,-37.729999999995925,-0.03983401683564813,103.05999999999767,0.10880715014795247,73,red,BTCUSDT
2024-12-29,15:30:00,94658.05,94784.6,94627.59,94718.04,59.98999999999069,0.0633754868180685,157.0100000000093,0.16587073154370843,107,green,BTCUSDT
2024-12-29,15:25:00,94616.0,94687.7,94549.15,94658.05,42.05000000000291,0.04444280037203318,138.5500000000029,0.1464340069332913,111,green,BTCUSDT
2024-12-29,15:20:00,94547.79,94662.06,94501.64,94616.0,68.2100000000064,0.07214341022672915,160.41999999999825,0.16967080880473068,70,green,BTCUSDT
2024-12-29,15:15:00,94484.71,94580.94,94463.38,94547.79,63.079999999987194,0.06676212479245286,117.55999999999767,0.12442224779014262,88,green,BTCUSDT
2024-12-29,15:10:00,94482.83,94565.53,94475.08,94484.71,1.8800000000046566,0.001989779518675146,90.44999999999709,0.09573167950197628,85,green,BTCUSDT
2024-12-29,15:05:00,94503.91,94571.44,94395.31,94482.83,-21.080000000001746,-0.022305955383223556,176.13000000000466,0.1863732410648455,111,red,BTCUSDT
2024-12-29,15:00:00,94613.56,94693.01,94503.91,94503.91,-109.64999999999418,-0.11589247883706541,189.09999999999127,0.1998656429374302,48,red,BTCUSDT
2024-12-29,14:55:00,94695.83,94718.61,94589.4,94613.56,-82.27000000000407,-0.08687816559610288,129.2100000000064,0.1364474021717814,58,red,BTCUSDT
2024-12-29,14:50:00,94337.61,94813.53,94324.27,94695.83,358.22000000000116,0.37972130097423623,489.25999999999476,0.5186266643812524,98,green,BTCUSDT
2024-12-29,14:45:00,94239.33,94425.99,94178.53,94337.61,98.27999999999884,0.10428766842888085,247.4600000000064,0.2625867565060218,61,green,BTCUSDT
2024-12-29,14:40:00,94229.69,94280.1,94144.64,94239.33,9.639999999999418,0.010230321250127659,135.4600000000064,0.14375511582390477,64,green,BTCUSDT
2024-12-29,14:35:00,94241.0,94333.3,94150.63,94229.69,-11.309999999997672,-0.012001145998023866,182.66999999999825,0.1938328328434527,74,red,BTCUSDT
2024-12-29,14:30:00,94650.92,94652.38,94000.01,94241.0,-409.91999999999825,-0.4330861231988007,652.3700000000099,0.6892378859075114,295,red,BTCUSDT
2024-12-29,14:25:00,94583.33,94659.71,94512.6,94650.92,67.58999999999651,0.07146079546998028,147.11000000000058,0.15553480724351804,53,green,BTCUSDT
2024-12-29,14:20:00,94712.32,94752.53,94552.39,94583.33,-128.99000000000524,-0.13619136348893707,200.13999999999942,0.21131358623672128,166,red,BTCUSDT
2024-12-29,14:15:00,94969.37,94969.37,94610.11,94712.32,-257.04999999998836,-0.27066621585463646,359.25999999999476,0.37829038983831814,149,red,BTCUSDT
2024-12-29,14:10:00,95049.67,95120.67,94964.45,94969.37,-80.30000000000291,-0.08448214496694507,156.22000000000116,0.16435617293568844,70,red,BTCUSDT
2024-12-29,14:05:00,95181.0,95231.97,95016.01,95049.67,-131.33000000000175,-0.13797921854151746,215.9600000000064,0.22689402296677533,95,red,BTCUSDT
2024-12-29,14:00:00,94934.44,95202.04,94913.19,95181.0,246.55999999999767,0.2597160735345336,288.84999999999127,0.3042626048038955,89,green,BTCUSDT
2024-12-29,13:55:00,94946.0,94964.45,94896.03,94934.44,-11.559999999997672,-0.012175341773216008,68.41999999999825,0.07206201419754203,38,red,BTCUSDT
2024-12-29,13:50:00,94932.7,94947.85,94886.5,94946.0,13.30000000000291,0.014009924925766264,61.35000000000582,0.06462472888689126,42,green,BTCUSDT
2024-12-29,13:45:00,94889.79,94970.68,94874.34,94932.7,42.91000000000349,0.04522088203588973,96.33999999999651,0.10152830984239349,66,green,BTCUSDT
2024-12-29,13:40:00,94937.13,94948.98,94836.65,94889.79,-47.34000000001106,-0.04986457880074009,112.33000000000175,0.11832040846400321,63,red,BTCUSDT
2024-12-29,13:35:00,94904.64,94945.97,94886.75,94937.13,32.49000000000524,0.03423436409432167,59.220000000001164,0.06239947804448883,64,green,BTCUSDT
2024-12-29,13:30:00,94869.56,94913.1,94743.9,94904.64,35.080000000001746,0.036977087276468604,169.20000000001164,0.1783501472969956,71,green,BTCUSDT
2024-12-29,13:25:00,94987.7,94989.58,94861.96,94869.56,-118.13999999999942,-0.12437399789656915,127.61999999999534,0.13435423744336936,60,red,BTCUSDT
2024-12-29,13:20:00,95009.99,95010.0,94946.63,94987.7,-22.29000000000815,-0.02346069081788994,63.36999999999534,0.06669824931040971,47,red,BTCUSDT
2024-12-29,13:15:00,94988.67,95011.0,94941.66,95009.99,21.320000000006985,0.022444782098756607,69.33999999999651,0.07299817967763578,41,green,BTCUSDT
2024-12-29,13:10:00,94948.26,94989.58,94925.67,94988.67,40.41000000000349,0.04256002163705106,63.91000000000349,0.0673103435492167,62,green,BTCUSDT
2024-12-29,13:05:00,94991.36,95012.89,94948.26,94948.26,-43.10000000000582,-0.04537254756643743,64.63000000000466,0.06803776680321733,68,red,BTCUSDT
2024-12-29,13:00:00,94905.47,94999.99,94827.93,94991.36,85.88999999999942,0.0905005791552367,172.06000000001222,0.18129618872338152,78,green,BTCUSDT
2024-12-29,12:55:00,94926.01,94961.5,94893.26,94905.47,-20.539999999993597,-0.021637905143167397,68.24000000000524,0.0718875680121868,76,red,BTCUSDT
2024-12-29,12:50:00,94981.23,94998.56,94926.01,94926.01,-55.220000000001164,-0.058137802595314,72.55000000000291,0.07638351282669524,25,red,BTCUSDT
2024-12-29,12:45:00,94945.89,94987.16,94903.04,94981.23,35.33999999999651,0.03722120041214687,84.1200000000099,0.08859783188088488,76,green,BTCUSDT
2024-12-29,12:40:00,94969.94,95006.37,94911.01,94945.89,-24.05000000000291,-0.02532380245791764,95.36000000000058,0.10041071943396045,49,red,BTCUSDT
2024-12-29,12:35:00,94919.82,95015.44,94893.83,94969.94,50.11999999999534,0.05280246001308825,121.61000000000058,0.1281186584635333,63,green,BTCUSDT
2024-12-29,12:30:00,94991.17,94991.17,94911.22,94919.82,-71.34999999999127,-0.07511224464336134,79.94999999999709,0.08416571771881227,80,red,BTCUSDT
2024-12-29,12:25:00,95059.27,95071.0,94989.87,94991.17,-68.10000000000582,-0.07163951500995729,81.13000000000466,0.0853467526102448,23,red,BTCUSDT
2024-12-29,12:20:00,95127.22,95141.26,95059.27,95059.27,-67.94999999999709,-0.07143065885873369,81.98999999999069,0.0861898413513931,35,red,BTCUSDT
2024-12-29,12:15:00,95113.35,95134.98,95113.35,95127.22,13.869999999995343,0.01458260065489791,21.629999999990105,0.022741287106373714,8,green,BTCUSDT
2024-12-29,12:10:00,95116.0,95128.02,95050.04,95113.35,-2.6499999999941792,-0.0027860717439696574,77.98000000001048,0.08198410362085293,17,red,BTCUSDT
2024-12-29,12:05:00,95045.88,95128.77,95045.88,95116.0,70.11999999999534,0.07377489692345984,82.88999999999942,0.08721051349095764,37,green,BTCUSDT
2024-12-29,12:00:00,95027.14,95053.8,94987.25,95045.88,18.74000000000524,0.019720681902038975,66.55000000000291,0.07003262436394793,24,green,BTCUSDT
2024-12-29,11:55:00,95070.05,95070.05,95010.06,95027.14,-42.91000000000349,-0.04513513982584788,59.99000000000524,0.0631008398544076,22,red,BTCUSDT
2024-12-29,11:50:00,95120.8,95120.81,95064.77,95070.05,-50.75,-0.05335320981320594,56.0399999999936,0.05891455917106836,18,red,BTCUSDT
2024-12-29,11:45:00,95119.53,95134.99,95114.06,95120.8,1.2700000000040745,0.001335162190145467,20.930000000007567,0.022003893417059113,9,green,BTCUSDT
2024-12-29,11:40:00,95175.01,95175.01,95113.93,95119.53,-55.479999999995925,-0.05829261273520846,61.080000000001746,0.06417651019947541,12,red,BTCUSDT
2024-12-29,11:35:00,95163.06,95179.77,95156.64,95175.01,11.94999999999709,0.012557393593687604,23.130000000004657,0.024305649692227906,4,green,BTCUSDT
2024-12-29,11:30:00,95122.66,95169.72,95122.65,95163.06,40.39999999999418,0.04247147840482402,47.070000000006985,0.04948347743850622,28,green,BTCUSDT
2024-12-29,11:25:00,95095.15,95126.36,95050.01,95122.66,27.510000000009313,0.028928920139470113,76.35000000000582,0.08028800627582565,33,green,BTCUSDT
2024-12-29,11:20:00,95128.6,95154.36,95075.0,95095.15,-33.45000000001164,-0.035162926816973694,79.36000000000058,0.08342391247216986,13,red,BTCUSDT
2024-12-29,11:15:00,95084.71,95131.7,95084.71,95128.6,43.88999999999942,0.04615884089040122,46.98999999999069,0.04941909167098547,14,green,BTCUSDT
2024-12-29,11:10:00,95131.78,95132.6,95084.71,95084.71,-47.06999999999243,-0.04947873360510277,47.88999999999942,0.05034069582215262,15,red,BTCUSDT
2024-12-29,11:05:00,95116.03,95146.05,95116.03,95131.78,15.75,0.016558723066974097,30.020000000004075,0.031561451839405064,10,green,BTCUSDT
2024-12-29,11:00:00,95155.99,95179.6,95109.15,95116.03,-39.9600000000064,-0.041994203412739864,70.45000000001164,0.07403632708777623,18,red,BTCUSDT
2024-12-29,10:55:00,95174.29,95176.59,95125.01,95155.99,-18.29999999998836,-0.019227881815549516,51.580000000001746,0.05419530841785292,20,red,BTCUSDT
2024-12-29,10:50:00,95179.18,95205.1,95170.37,95174.29,-4.889999999999418,-0.00513767821912252,34.73000000001048,0.036489072505153416,12,red,BTCUSDT
2024-12-29,10:45:00,95217.76,95218.79,95179.18,95179.18,-38.580000000001746,-0.040517651328913586,39.61000000000058,0.04159938230010934,11,red,BTCUSDT
2024-12-29,10:40:00,95150.97,95266.29,95146.97,95217.76,66.7899999999936,0.07019371426270651,119.31999999999243,0.12540071845824843,58,green,BTCUSDT
2024-12-29,10:35:00,95153.91,95160.05,95102.98,95150.97,-2.9400000000023283,-0.0030897311524059577,57.070000000006985,0.05997651594139115,23,red,BTCUSDT
2024-12-29,10:30:00,95103.15,95157.31,95090.57,95153.91,50.76000000000931,0.05337362642563292,66.73999999999069,0.07017643474479099,31,green,BTCUSDT
2024-12-29,10:25:00,95113.48,95130.6,95103.15,95103.15,-10.330000000001746,-0.010860710805662612,27.45000000001164,0.028860262499081774,7,red,BTCUSDT
2024-12-29,10:20:00,95131.7,95163.97,95096.32,95113.48,-18.220000000001164,-0.01915239609930356,67.64999999999418,0.07111194270678878,35,red,BTCUSDT
2024-12-29,10:15:00,95168.03,95173.89,95128.78,95131.7,-36.330000000001746,-0.03817458446917704,45.11000000000058,0.047400371742485986,15,red,BTCUSDT
2024-12-29,10:10:00,95199.43,95249.63,95154.5,95168.03,-31.39999999999418,-0.032983390761892356,95.13000000000466,0.09992706889106863,53,red,BTCUSDT
2024-12-29,10:05:00,95175.78,95282.8,95164.11,95199.43,23.64999999999418,0.02484875879135866,118.69000000000233,0.124706096445968,41,green,BTCUSDT
2024-12-29,10:00:00,95177.69,95182.53,95118.44,95175.78,-1.9100000000034925,-0.00200677280568954,64.08999999999651,0.06733720896146618,39,red,BTCUSDT
2024-12-29,09:55:00,95174.78,95213.38,95174.77,95177.69,2.9100000000034925,0.00305753267830353,38.61000000000058,0.040567469659504946,19,green,BTCUSDT
2024-12-29,09:50:00,95159.51,95174.78,95125.57,95174.78,15.270000000004075,0.01604674088801432,49.20999999999185,0.05171317086436432,20,green,BTCUSDT
2024-12-29,09:45:00,95120.98,95159.51,95087.16,95159.51,38.529999999998836,0.040506311015717916,72.34999999999127,0.07606103301289713,17,green,BTCUSDT
2024-12-29,09:40:00,95190.97,95205.19,95120.98,95120.98,-69.99000000000524,-0.07352588170916342,84.2100000000064,0.08846427344947362,16,red,BTCUSDT
2024-12-29,09:35:00,95188.13,95193.1,95135.56,95190.97,2.8399999999965075,0.002983565282768458,57.54000000000815,0.0604487135108213,26,green,BTCUSDT
2024-12-29,09:30:00,95175.58,95201.0,95157.05,95188.13,12.55000000000291,0.013186155524350795,43.94999999999709,0.04617781157729439,26,green,BTCUSDT
2024-12-29,09:25:00,95089.99,95182.76,95089.99,95175.58,85.58999999999651,0.09000947418334622,92.76999999998952,0.09756021638028306,14,green,BTCUSDT
2024-12-29,09:20:00,95061.24,95092.13,95058.98,95089.99,28.75,0.03024366187522906,33.15000000000873,0.034872257083968954,12,green,BTCUSDT
2024-12-29,09:15:00,95053.57,95072.66,95041.0,95061.24,7.669999999998254,0.008069134068292494,31.660000000003492,0.03330753384644416,12,green,BTCUSDT
2024-12-29,09:10:00,95091.1,95098.08,95050.33,95053.57,-37.529999999998836,-0.03946741598319804,47.75,0.050215004348461635,19,red,BTCUSDT
2024-12-29,09:05:00,95085.9,95109.4,95071.2,95091.1,5.2000000000116415,0.0054687393188807614,38.19999999999709,0.04017420038091567,15,green,BTCUSDT
2024-12-29,09:00:00,95123.09,95163.04,95083.4,95085.9,-37.19000000000233,-0.039096711429372544,79.63999999999942,0.08372310024831975,23,red,BTCUSDT
2024-12-29,08:55:00,95153.66,95153.66,95102.92,95123.09,-30.570000000006985,-0.032126982819165324,50.74000000000524,0.05332427570311561,10,red,BTCUSDT
2024-12-29,08:50:00,95130.92,95163.05,95124.05,95153.66,22.74000000000524,0.02390390001484821,39.0,0.040996134590099625,9,green,BTCUSDT
2024-12-29,08:45:00,95097.95,95160.47,95078.49,95130.92,32.970000000001164,0.03466951706109455,81.97999999999593,0.08620585406940522,47,green,BTCUSDT
2024-12-29,08:40:00,95106.66,95106.66,95071.83,95097.95,-8.710000000006403,-0.009158138872720798,34.830000000001746,0.036622040980097234,20,red,BTCUSDT
2024-12-29,08:35:00,95137.92,95139.66,95094.15,95106.66,-31.25999999999476,-0.03285756089684824,45.51000000000931,0.04783581562431606,27,red,BTCUSDT
2024-12-29,08:30:00,95130.23,95164.62,95116.0,95137.92,7.690000000002328,0.008083655426884103,48.61999999999534,0.051108885156690306,24,green,BTCUSDT
2024-12-29,08:25:00,95151.86,95163.95,95118.43,95130.23,-21.630000000004657,-0.02273208321939756,45.520000000004075,0.04783931706642842,25,red,BTCUSDT
2024-12-29,08:20:00,95210.8,95212.97,95137.92,95151.86,-58.94000000000233,-0.0619047418990307,75.05000000000291,0.07882509127116136,40,red,BTCUSDT
2024-12-29,08:15:00,95166.68,95216.91,95100.0,95210.8,44.120000000009895,0.04636076408256534,116.91000000000349,0.1228476185152235,42,green,BTCUSDT
2024-12-29,08:10:00,95146.64,95173.02,95118.44,95166.68,20.039999999993597,0.021062225634025118,54.580000000001746,0.057364085584106536,39,green,BTCUSDT
2024-12-29,08:05:00,95211.73,95224.7,95145.53,95146.64,-65.08999999999651,-0.06836342538886386,79.16999999999825,0.08315151925082997,27,red,BTCUSDT
2024-12-29,08:00:00,95265.7,95317.95,95200.01,95211.73,-53.970000000001164,-0.05665207939478864,117.94000000000233,0.12380111624645841,49,red,BTCUSDT
2024-12-29,07:55:00,95264.08,95270.0,95244.84,95265.7,1.6199999999953434,0.001700536025745846,25.160000000003492,0.02641079407894717,15,green,BTCUSDT
2024-12-29,07:50:00,95185.53,95268.55,95185.53,95264.08,78.55000000000291,0.08252304735814667,83.02000000000407,0.08721913929565142,31,green,BTCUSDT
2024-12-29,07:45:00,95184.6,95233.08,95166.3,95185.53,0.9299999999930151,0.0009770488083082926,66.77999999999884,0.07015840797775988,38,green,BTCUSDT
2024-12-29,07:40:00,95175.34,95223.22,95156.56,95184.6,9.260000000009313,0.009729411000800537,66.66000000000349,0.07003915089770468,50,green,BTCUSDT
2024-12-29,07:35:00,95109.9,95203.89,95100.21,95175.34,65.44000000000233,0.06880461445128461,103.67999999999302,0.10901073389835655,73,green,BTCUSDT
2024-12-29,07:30:00,95132.53,95142.91,95071.48,95109.9,-22.630000000004657,-0.023787867304700776,71.43000000000757,0.07508472653886905,42,red,BTCUSDT
2024-12-29,07:25:00,95127.89,95186.8,95106.01,95132.53,4.639999999999418,0.004877644190362488,80.79000000000815,0.0849277745990247,35,green,BTCUSDT
2024-12-29,07:20:00,95158.07,95220.33,95118.87,95127.89,-30.180000000007567,-0.03171564955027731,101.4600000000064,0.10662259123162797,37,red,BTCUSDT
2024-12-29,07:15:00,95161.0,95220.8,95147.62,95158.07,-2.929999999993015,-0.003078992444376388,73.18000000000757,0.07690125156314831,38,red,BTCUSDT
2024-12-29,07:10:00,95221.98,95225.99,95151.01,95161.0,-60.979999999995925,-0.06403983618067585,74.98000000001048,0.07874232398865312,42,red,BTCUSDT
2024-12-29,07:05:00,95198.66,95284.39,95198.66,95221.98,23.319999999992433,0.02449614311797291,85.72999999999593,0.09005378857222981,38,green,BTCUSDT
2024-12-29,07:00:00,95183.31,95202.96,95104.43,95198.66,15.35000000000582,0.0161267768477539,98.53000000001339,0.1035160470885215,46,green,BTCUSDT
2024-12-29,06:55:00,95189.1,95222.19,95151.5,95183.31,-5.790000000008149,-0.006082629208604923,70.69000000000233,0.07426270444830586,42,red,BTCUSDT
2024-12-29,06:50:00,95137.46,95229.89,95137.46,95189.1,51.63999999999942,0.05427935536643444,92.42999999999302,0.09715415988611953,35,green,BTCUSDT
2024-12-29,06:45:00,95137.66,95152.69,95129.79,95137.46,-0.19999999999708962,-0.000210221693488246,22.90000000000873,0.024070383904763612,13,red,BTCUSDT
2024-12-29,06:40:00,95126.42,95188.96,95102.33,95137.66,11.240000000005239,0.01181585515360006,86.63000000000466,0.09106828576120563,33,green,BTCUSDT
2024-12-29,06:35:00,95141.0,95174.77,95113.7,95126.42,-14.580000000001746,-0.01532462345361279,61.070000000006985,0.0641889406249745,37,red,BTCUSDT
2024-12-29,06:30:00,95154.86,95212.65,95141.0,95141.0,-13.860000000000582,-0.014565730011058375,71.64999999999418,0.07529830846264099,27,red,BTCUSDT
2024-12-29,06:25:00,95053.71,95169.81,95044.01,95154.86,101.14999999999418,0.10641352136596686,125.80000000000291,0.13234622825348208,29,green,BTCUSDT
2024-12-29,06:20:00,95038.5,95063.67,94993.91,95053.71,15.210000000006403,0.01600404046781715,69.75999999999476,0.07340183188917625,26,green,BTCUSDT
2024-12-29,06:15:00,95041.42,95041.43,94975.27,95038.5,-2.9199999999982538,-0.0030723446682491213,66.15999999998894,0.06961175453816762,36,red,BTCUSDT
2024-12-29,06:10:00,94981.98,95062.16,94961.74,95041.42,59.44000000000233,0.0625802915458304,100.41999999999825,0.10572531758129096,35,green,BTCUSDT
2024-12-29,06:05:00,95050.03,95063.69,94960.0,94981.98,-68.05000000000291,-0.07159387535175203,103.69000000000233,0.10908991822517292,45,red,BTCUSDT
2024-12-29,06:00:00,95123.73,95129.92,95048.7,95050.03,-73.69999999999709,-0.07747803834016716,81.22000000000116,0.08538353153308977,22,red,BTCUSDT
2024-12-29,05:55:00,95108.73,95144.13,95107.0,95123.73,15.0,0.015771422875691853,37.13000000000466,0.039039528758300794,12,green,BTCUSDT
2024-12-29,05:50:00,95105.59,95116.47,95088.66,95108.73,3.139999999999418,0.0033015935235767087,27.80999999999767,0.029241183404674395,9,green,BTCUSDT
2024-12-29,05:45:00,95071.64,95124.08,95064.05,95105.59,33.94999999999709,0.03570991307186569,60.029999999998836,0.06314185807670808,14,green,BTCUSDT
2024-12-29,05:40:00,95097.65,95097.65,95071.63,95071.64,-26.00999999999476,-0.027350833590519603,26.019999999989523,0.02736134909746931,4,red,BTCUSDT
2024-12-29,05:35:00,95087.64,95147.2,95087.63,95097.65,10.009999999994761,0.010527130550295244,59.56999999999243,0.06264746921891472,33,green,BTCUSDT
2024-12-29,05:30:00,95163.97,95171.02,95085.5,95087.64,-76.33000000000175,-0.08020892781165155,85.52000000000407,0.08986594401221815,22,red,BTCUSDT
2024-12-29,05:25:00,95173.56,95199.27,95160.4,95163.97,-9.589999999996508,-0.01007632792132238,38.870000000009895,0.04084117479687625,11,red,BTCUSDT
2024-12-29,05:20:00,95157.37,95173.56,95137.41,95173.56,16.19000000000233,0.01701392125486689,36.14999999999418,0.03798970064010195,9,green,BTCUSDT
2024-12-29,05:15:00,95108.75,95191.18,95105.76,95157.37,48.61999999999534,0.05112042793117914,85.41999999999825,0.08981297724972545,23,green,BTCUSDT
2024-12-29,05:10:00,95129.94,95129.94,95100.33,95108.75,-21.19000000000233,-0.022274795926500456,29.610000000000582,0.03112584744613587,12,red,BTCUSDT
2024-12-29,05:05:00,95095.56,95132.48,95059.18,95129.94,34.38000000000466,0.03615310746369721,73.30000000000291,0.07708036000839882,24,green,BTCUSDT
2024-12-29,05:00:00,95129.75,95150.99,95095.56,95095.56,-34.19000000000233,-0.035940386682402015,55.43000000000757,0.0582677868910699,19,red,BTCUSDT
2024-12-29,04:55:00,95101.88,95135.14,95073.09,95129.75,27.869999999995343,0.029305414361940417,62.05000000000291,0.06524581848434848,14,green,BTCUSDT
2024-12-29,04:50:00,95092.77,95127.13,95082.4,95101.88,9.110000000000582,0.00958011844643981,44.73000000001048,0.04703827641156155,17,green,BTCUSDT
2024-12-29,04:45:00,95074.68,95123.03,95068.2,95092.77,18.09000000001106,0.019027147922045136,54.830000000001746,0.057670454425933125,24,green,BTCUSDT
2024-12-29,04:40:00,95058.46,95089.9,95058.46,95074.68,16.219999999986612,0.017063184065875474,31.439999999987776,0.03307438391068798,14,green,BTCUSDT
2024-12-29,04:35:00,95146.28,95198.76,95058.03,95058.46,-87.81999999999243,-0.09229998272133438,140.72999999999593,0.1479090932404251,21,red,BTCUSDT
2024-12-29,04:30:00,95144.57,95151.76,95119.83,95146.28,1.709999999991851,0.0017972649411225998,31.929999999993015,0.033559455889067565,10,green,BTCUSDT
2024-12-29,04:25:00,95168.76,95168.76,95106.0,95144.57,-24.189999999987776,-0.025418004815853202,62.75999999999476,0.06594601001420504,22,red,BTCUSDT
2024-12-29,04:20:00,95196.94,95205.05,95168.76,95168.76,-28.180000000007567,-0.02960179182230812,36.29000000000815,0.03812097321616446,14,red,BTCUSDT
2024-12-29,04:15:00,95219.29,95279.84,95190.47,95196.94,-22.34999999999127,-0.023472134690346116,89.36999999999534,0.09385703254035538,49,red,BTCUSDT
2024-12-29,04:10:00,95133.17,95222.12,95123.43,95219.29,86.11999999999534,0.09052573355854256,98.69000000000233,0.10373879058166813,28,green,BTCUSDT
2024-12-29,04:05:00,95130.04,95151.45,95124.15,95133.17,3.1300000000046566,0.0032902330325990155,27.30000000000291,0.028697559677261685,9,green,BTCUSDT
2024-12-29,04:00:00,95176.44,95183.17,95117.44,95130.04,-46.40000000000873,-0.048751560785430435,65.72999999999593,0.06906120884537804,28,red,BTCUSDT
2024-12-29,03:55:00,95149.76,95205.99,95141.55,95176.44,26.680000000007567,0.028040007667920096,64.44000000000233,0.06772481612145141,33,green,BTCUSDT
2024-12-29,03:50:00,95162.61,95172.86,95069.95,95149.76,-12.85000000000582,-0.013503202570847752,102.91000000000349,0.1081412121840747,96,red,BTCUSDT
2024-12-29,03:45:00,95142.02,95186.88,95075.02,95162.61,20.589999999996508,0.021641331558859594,111.86000000000058,0.11757160505946854,41,green,BTCUSDT
2024-12-29,03:40:00,95094.99,95142.02,95091.27,95142.02,47.029999999998836,0.0494558125512173,50.75,0.05336769055867191,5,green,BTCUSDT
2024-12-29,03:35:00,95200.99,95223.76,95092.25,95094.99,-106.0,-0.11134337993754055,131.50999999999476,0.13813931976967336,28,red,BTCUSDT
2024-12-29,03:30:00,95120.5,95204.81,95118.38,95200.99,80.49000000000524,0.08461898328962236,86.42999999999302,0.0908636939460926,28,green,BTCUSDT
2024-12-29,03:25:00,95002.82,95157.93,95002.82,95120.5,117.67999999999302,0.12387000722714651,155.10999999998603,0.1632688377039608,58,green,BTCUSDT
2024-12-29,03:20:00,95028.12,95036.2,94976.01,95002.82,-25.29999999998836,-0.026623698332649704,60.19000000000233,0.0633391463495251,14,red,BTCUSDT
2024-12-29,03:15:00,95025.25,95059.19,95021.49,95028.12,2.8699999999953434,0.003020249880947794,37.69999999999709,0.03967366568359156,17,green,BTCUSDT
2024-12-29,03:10:00,94998.31,95044.28,94994.98,95025.25,26.94000000000233,0.02835839921784117,49.30000000000291,0.05189566003858691,14,green,BTCUSDT
2024-12-29,03:05:00,95010.07,95057.9,94990.01,94998.31,-11.760000000009313,-0.012377635339084911,67.88999999999942,0.07145558360287432,46,red,BTCUSDT
2024-12-29,03:00:00,95154.26,95171.98,95010.07,95010.07,-144.18999999998778,-0.15153288985694155,161.90999999998894,0.17015528259059443,33,red,BTCUSDT
2024-12-29,02:55:00,95118.47,95155.3,95075.53,95154.26,35.7899999999936,0.0376267616583757,79.77000000000407,0.08386383843222465,50,green,BTCUSDT
2024-12-29,02:50:00,95184.9,95195.37,95118.46,95118.47,-66.42999999999302,-0.06979048147341965,76.90999999998894,0.08080063119254098,34,red,BTCUSDT
2024-12-29,02:45:00,95186.75,95221.0,95131.65,95184.9,-1.8500000000058208,-0.001943547815221993,89.35000000000582,0.09386810664300002,30,red,BTCUSDT
2024-12-29,02:40:00,95069.96,95207.28,95068.48,95186.75,116.7899999999936,0.12284637544813692,138.8000000000029,0.14599774734311752,54,green,BTCUSDT
2024-12-29,02:35:00,95185.35,95201.23,95055.83,95069.96,-115.38999999999942,-0.12122663834297968,145.39999999999418,0.15275459931596005,54,red,BTCUSDT
2024-12-29,02:30:00,95129.79,95209.12,95126.27,95185.35,55.560000000012224,0.058404417795952485,82.84999999999127,0.08709154093580074,46,green,BTCUSDT
2024-12-29,02:25:00,95095.18,95138.42,95094.16,95129.79,34.61000000000058,0.03639511487333068,44.25999999999476,0.04654284265511119,26,green,BTCUSDT
2024-12-29,02:20:00,95058.3,95172.04,95058.3,95095.18,36.879999999990105,0.038797243375896795,113.73999999999069,0.11965288670215087,56,green,BTCUSDT
2024-12-29,02:15:00,95014.53,95059.31,94973.04,95058.3,43.770000000004075,0.046066638439409294,86.27000000000407,0.09079663920876531,51,green,BTCUSDT
2024-12-29,02:10:00,94962.31,95027.18,94938.86,95014.53,52.220000000001164,0.05499023770588686,88.31999999999243,0.0930053196894562,64,green,BTCUSDT
2024-12-29,02:05:00,94923.06,94962.31,94862.63,94962.31,39.25,0.04134927803633806,99.67999999999302,0.1050113639404303,42,green,BTCUSDT
2024-12-29,02:00:00,94852.68,94923.06,94839.15,94923.06,70.38000000000466,0.07419927407428516,83.91000000000349,0.08846349939717411,51,green,BTCUSDT
2024-12-29,01:55:00,94887.6,94921.0,94805.21,94852.68,-34.920000000012806,-0.03680143664716233,115.7899999999936,0.12202858961549623,58,red,BTCUSDT
2024-12-29,01:50:00,94929.43,94940.99,94877.97,94887.6,-41.829999999987194,-0.04406431177347973,63.020000000004075,0.06638615653755013,73,red,BTCUSDT
2024-12-29,01:45:00,94959.49,95010.74,94900.61,94929.43,-30.060000000012224,-0.031655603879098576,110.13000000000466,0.11597577029952945,102,red,BTCUSDT
2024-12-29,01:40:00,95029.26,95045.38,94925.92,94959.49,-69.76999999998952,-0.07341949205959251,119.4600000000064,0.12570865015681107,55,red,BTCUSDT
2024-12-29,01:35:00,95000.54,95060.14,94990.02,95029.26,28.720000000001164,0.030231407105687152,70.11999999999534,0.07381010676359877,60,green,BTCUSDT
2024-12-29,01:30:00,95012.99,95040.55,94973.04,95000.54,-12.450000000011642,-0.013103471430602953,67.51000000000931,0.07105344227142973,96,red,BTCUSDT
2024-12-29,01:25:00,94964.12,95044.45,94949.68,95012.99,48.870000000009895,0.0514615414748327,94.77000000000407,0.09979558595394143,67,green,BTCUSDT
2024-12-29,01:20:00,94996.46,95030.43,94881.55,94964.12,-32.34000000001106,-0.03404337382678371,148.8799999999901,0.15672162941649626,81,red,BTCUSDT
2024-12-29,01:15:00,95009.17,95070.5,94965.45,94996.46,-12.709999999991851,-0.013377656072557892,105.05000000000291,0.11056827462023182,76,red,BTCUSDT
2024-12-29,01:10:00,95039.56,95076.5,94977.66,95009.17,-30.389999999999418,-0.03197615813877865,98.83999999999651,0.10399879797422938,53,red,BTCUSDT
2024-12-29,01:05:00,95208.5,95208.5,95018.65,95039.56,-168.94000000000233,-0.17744214014505252,189.85000000000582,0.19940446493748543,58,red,BTCUSDT
2024-12-29,01:00:00,95153.49,95220.47,95145.7,95208.5,55.00999999999476,0.05781185745262182,74.77000000000407,0.078578305430525,31,green,BTCUSDT
2024-12-29,00:55:00,95068.91,95161.08,95053.75,95153.49,84.58000000000175,0.08896704506236765,107.33000000000175,0.11289705540959893,50,green,BTCUSDT
2024-12-29,00:50:00,95070.93,95108.75,95068.91,95068.91,-2.0199999999895226,-0.002124729399396348,39.83999999999651,0.041905554095238697,42,red,BTCUSDT
2024-12-29,00:45:00,95173.44,95173.89,95045.3,95070.93,-102.51000000000931,-0.10770862122878958,128.5899999999965,0.13511122430795452,76,red,BTCUSDT
2024-12-29,00:40:00,95103.44,95237.67,95089.24,95173.44,70.0,0.07360406731870056,148.42999999999302,0.15607216731591728,98,green,BTCUSDT
2024-12-29,00:35:00,95106.98,95203.93,95095.65,95103.44,-3.539999999993597,-0.0037221242857186686,108.27999999999884,0.11385073945150907,100,red,BTCUSDT
2024-12-29,00:30:00,95140.74,95221.0,95084.24,95106.98,-33.76000000000931,-0.035484273088489025,136.75999999999476,0.14374494039040978,71,red,BTCUSDT
2024-12-29,00:25:00,95138.43,95179.99,95135.7,95140.74,2.3100000000122236,0.002428040908402865,44.29000000000815,0.04655321724355568,60,green,BTCUSDT
2024-12-29,00:20:00,95210.71,95213.8,95138.43,95138.43,-72.28000000001339,-0.0759158292171263,75.3700000000099,0.07916126242521444,51,red,BTCUSDT
2024-12-29,00:15:00,95195.02,95238.99,95156.0,95210.71,15.690000000002328,0.016481954623258997,82.99000000000524,0.08717893015832681,110,green,BTCUSDT
2024-12-29,00:10:00,95204.87,95242.33,95167.58,95195.02,-9.849999999991269,-0.010346109395445075,74.75,0.07851489109748273,110,red,BTCUSDT
2024-12-29,00:05:00,95173.8,95256.16,95143.37,95204.87,31.069999999992433,0.03264553900337323,112.79000000000815,0.11850950576735209,122,green,BTCUSDT
2024-12-29,00:00:00,95298.41,95342.7,95169.03,95173.8,-124.61000000000058,-0.13075769050081798,173.66999999999825,0.18223808770786232,70,red,BTCUSDT
